#
# There is insufficient memory for the Java Runtime Environment to continue.
# Native memory allocation (mmap) failed to map 65536 bytes. Error detail: Failed to commit metaspace.
# Possible reasons:
#   The system is out of physical RAM or swap space
#   This process is running with CompressedOops enabled, and the Java Heap may be blocking the growth of the native heap
# Possible solutions:
#   Reduce memory load on the system
#   Increase physical memory or swap space
#   Check if swap backing store is full
#   Decrease Java heap size (-Xmx/-Xms)
#   Decrease number of Java threads
#   Decrease Java thread stack sizes (-Xss)
#   Set larger code cache with -XX:ReservedCodeCacheSize=
#   JVM is running with Unscaled Compressed Oops mode in which the Java heap is
#     placed in the first 4GB address space. The Java Heap base address is the
#     maximum limit for the native heap growth. Please use -XX:HeapBaseMinAddress
#     to set the Java Heap base and to place the Java Heap above 4GB virtual address.
# This output file may be truncated or incomplete.
#
#  Out of Memory Error (virtualSpaceNode.cpp:113), pid=17828, tid=23516
#
# JRE version: OpenJDK Runtime Environment Temurin-21.0.6+7 (21.0.6+7) (build 21.0.6+7-LTS)
# Java VM: OpenJDK 64-Bit Server VM Temurin-21.0.6+7 (21.0.6+7-LTS, mixed mode, sharing, tiered, compressed oops, compressed class ptrs, parallel gc, windows-amd64)
# No core dump will be written. Minidumps are not enabled by default on client versions of Windows
#

---------------  S U M M A R Y ------------

Command Line: --add-modules=ALL-SYSTEM --add-opens=java.base/java.util=ALL-UNNAMED --add-opens=java.base/java.lang=ALL-UNNAMED --add-opens=java.base/sun.nio.fs=ALL-UNNAMED -Declipse.application=org.eclipse.jdt.ls.core.id1 -Dosgi.bundles.defaultStartLevel=4 -Declipse.product=org.eclipse.jdt.ls.core.product -Djava.import.generatesMetadataFilesAtProjectRoot=false -DDetectVMInstallationsJob.disabled=true -Dfile.encoding=utf8 -XX:+UseParallelGC -XX:GCTimeRatio=4 -XX:AdaptiveSizePolicyWeight=90 -Dsun.zip.disableMemoryMapping=true -Xmx1G -Xms100m -Xlog:disable -javaagent:c:\Users\Prince Jain\.vscode\extensions\redhat.java-1.40.0-win32-x64\lombok\lombok-1.18.36.jar -XX:+HeapDumpOnOutOfMemoryError -XX:HeapDumpPath=c:\Users\Prince Jain\AppData\Roaming\Code\User\workspaceStorage\93bd60ff33c47b001411ec603751e469\redhat.java -Daether.dependencyCollector.impl=bf c:\Users\Prince Jain\.vscode\extensions\redhat.java-1.40.0-win32-x64\server\plugins\org.eclipse.equinox.launcher_1.6.1000.v20250131-0606.jar -configuration c:\Users\Prince Jain\AppData\Roaming\Code\User\globalStorage\redhat.java\1.40.0\config_win -data c:\Users\Prince Jain\AppData\Roaming\Code\User\workspaceStorage\93bd60ff33c47b001411ec603751e469\redhat.java\jdt_ws --pipe=\\.\pipe\lsp-10b2e87e0795393062a8d8d0480fb9dd-sock

Host: 12th Gen Intel(R) Core(TM) i5-1235U, 12 cores, 7G,  Windows 11 , 64 bit Build 22621 (10.0.22621.4830)
Time: Wed Mar 12 15:26:06 2025 India Standard Time elapsed time: 50.731842 seconds (0d 0h 0m 50s)

---------------  T H R E A D  ---------------

Current thread (0x00000191ee340a20):  JavaThread "Worker-0: Repository registry initialization"        [_thread_in_vm, id=23516, stack(0x0000005e0eb00000,0x0000005e0ec00000) (1024K)]

Stack: [0x0000005e0eb00000,0x0000005e0ec00000]
Native frames: (J=compiled Java code, j=interpreted, Vv=VM code, C=native code)
V  [jvm.dll+0x6cdee9]
V  [jvm.dll+0x8a83d1]
V  [jvm.dll+0x8aa8fe]
V  [jvm.dll+0x8aafe3]
V  [jvm.dll+0x27f706]
V  [jvm.dll+0x8a411e]
V  [jvm.dll+0x670385]
V  [jvm.dll+0x1e472c]
V  [jvm.dll+0x1e44fe]
V  [jvm.dll+0x672c82]
V  [jvm.dll+0x672aa2]
V  [jvm.dll+0x670d5e]
V  [jvm.dll+0x3beb4f]
V  [jvm.dll+0x20d76b]
V  [jvm.dll+0x5ae416]
V  [jvm.dll+0x821736]
V  [jvm.dll+0x471736]
V  [jvm.dll+0x477608]
C  [java.dll+0x17ec]

Java frames: (J=compiled Java code, j=interpreted, Vv=VM code)
J 997  java.lang.ClassLoader.defineClass1(Ljava/lang/ClassLoader;Ljava/lang/String;[BIILjava/security/ProtectionDomain;Ljava/lang/String;)Ljava/lang/Class; java.base@21.0.6 (0 bytes) @ 0x000001919c665611 [0x000001919c665540+0x00000000000000d1]
J 2999 c1 java.lang.ClassLoader.defineClass(Ljava/lang/String;[BIILjava/security/ProtectionDomain;)Ljava/lang/Class; java.base@21.0.6 (43 bytes) @ 0x0000019195115afc [0x00000191951157a0+0x000000000000035c]
j  java.lang.ClassLoader.defineClass(Ljava/lang/String;[BII)Ljava/lang/Class;+7 java.base@21.0.6
j  java.lang.ClassLoader$$DefineAccessByGuice$$+0x00000191a74ac000.apply(Ljava/lang/Object;Ljava/lang/Object;)Ljava/lang/Object;+15 java.base@21.0.6
j  com.google.inject.internal.aop.GeneratedClassDefiner.define(Ljava/lang/Class;[B)Ljava/lang/Class;+9
j  com.google.inject.internal.aop.UnsafeClassDefiner.define(Ljava/lang/Class;[B)Ljava/lang/Class;+9
j  com.google.inject.internal.aop.ClassDefining.define(Ljava/lang/Class;[B)Ljava/lang/Class;+5
j  com.google.inject.internal.aop.AbstractGlueGenerator.glue(Ljava/util/NavigableMap;)Ljava/util/function/Function;+16
j  com.google.inject.internal.aop.ClassBuilding.buildFastClass(Ljava/lang/Class;)Ljava/util/function/Function;+37
j  com.google.inject.internal.BytecodeGen$1.computeValue(Ljava/lang/Class;)Ljava/util/function/Function;+1
j  com.google.inject.internal.BytecodeGen$1.computeValue(Ljava/lang/Class;)Ljava/lang/Object;+2
j  java.lang.ClassValue.getFromHashMap(Ljava/lang/Class;)Ljava/lang/Object;+29 java.base@21.0.6
j  java.lang.ClassValue.getFromBackup([Ljava/lang/ClassValue$Entry;Ljava/lang/Class;)Ljava/lang/Object;+17 java.base@21.0.6
j  java.lang.ClassValue.get(Ljava/lang/Class;)Ljava/lang/Object;+27 java.base@21.0.6
j  com.google.inject.internal.BytecodeGen.fastClass(Ljava/lang/reflect/Executable;)Ljava/util/function/Function;+7
j  com.google.inject.internal.BytecodeGen.fastConstructor(Ljava/lang/reflect/Constructor;)Ljava/util/function/BiFunction;+8
j  com.google.inject.internal.DefaultConstructionProxyFactory.create()Lcom/google/inject/internal/ConstructionProxy;+18
j  com.google.inject.internal.ProxyFactory.create()Lcom/google/inject/internal/ConstructionProxy;+21
j  com.google.inject.internal.ConstructorInjectorStore.createConstructor(Lcom/google/inject/spi/InjectionPoint;Lcom/google/inject/internal/Errors;)Lcom/google/inject/internal/ConstructorInjector;+127
j  com.google.inject.internal.ConstructorInjectorStore.access$000(Lcom/google/inject/internal/ConstructorInjectorStore;Lcom/google/inject/spi/InjectionPoint;Lcom/google/inject/internal/Errors;)Lcom/google/inject/internal/ConstructorInjector;+3
j  com.google.inject.internal.ConstructorInjectorStore$1.create(Lcom/google/inject/spi/InjectionPoint;Lcom/google/inject/internal/Errors;)Lcom/google/inject/internal/ConstructorInjector;+6
j  com.google.inject.internal.ConstructorInjectorStore$1.create(Ljava/lang/Object;Lcom/google/inject/internal/Errors;)Ljava/lang/Object;+6
j  com.google.inject.internal.FailableCache$1.load(Ljava/lang/Object;)Ljava/lang/Object;+16
J 6134 c1 com.google.common.cache.LocalCache$LoadingValueReference.loadFuture(Ljava/lang/Object;Lcom/google/common/cache/CacheLoader;)Lcom/google/common/util/concurrent/ListenableFuture; (123 bytes) @ 0x0000019194c3fca4 [0x0000019194c3fb80+0x0000000000000124]
j  com.google.common.cache.LocalCache$Segment.loadSync(Ljava/lang/Object;ILcom/google/common/cache/LocalCache$LoadingValueReference;Lcom/google/common/cache/CacheLoader;)Ljava/lang/Object;+4
J 6020 c1 com.google.common.cache.LocalCache$Segment.lockedGetOrLoad(Ljava/lang/Object;ILcom/google/common/cache/CacheLoader;)Ljava/lang/Object; (447 bytes) @ 0x0000019194f09034 [0x0000019194f08340+0x0000000000000cf4]
J 5533 c1 com.google.common.cache.LocalCache$Segment.get(Ljava/lang/Object;ILcom/google/common/cache/CacheLoader;)Ljava/lang/Object; (210 bytes) @ 0x0000019194b871f4 [0x0000019194b86820+0x00000000000009d4]
J 5357 c1 com.google.common.cache.LocalCache.get(Ljava/lang/Object;Lcom/google/common/cache/CacheLoader;)Ljava/lang/Object; (21 bytes) @ 0x0000019194b695ac [0x0000019194b692a0+0x000000000000030c]
J 5103 c1 com.google.common.cache.LocalCache$LocalLoadingCache.getUnchecked(Ljava/lang/Object;)Ljava/lang/Object; (19 bytes) @ 0x0000019195605a3c [0x0000019195605900+0x000000000000013c]
j  com.google.inject.internal.FailableCache.get(Ljava/lang/Object;Lcom/google/inject/internal/Errors;)Ljava/lang/Object;+5
j  com.google.inject.internal.ConstructorInjectorStore.get(Lcom/google/inject/spi/InjectionPoint;Lcom/google/inject/internal/Errors;)Lcom/google/inject/internal/ConstructorInjector;+6
j  com.google.inject.internal.ConstructorBindingImpl.initialize(Lcom/google/inject/internal/InjectorImpl;Lcom/google/inject/internal/Errors;)V+13
j  com.google.inject.internal.InjectorImpl.initializeBinding(Lcom/google/inject/internal/BindingImpl;Lcom/google/inject/internal/Errors;)V+13
j  com.google.inject.internal.AbstractBindingProcessor$Processor.initializeBinding(Lcom/google/inject/internal/BindingImpl;)V+19
j  com.google.inject.internal.AbstractBindingProcessor$Processor.lambda$scheduleInitialization$0(Lcom/google/inject/internal/BindingImpl;)V+2
j  com.google.inject.internal.AbstractBindingProcessor$Processor$$Lambda+0x00000191a74c0b10.run()V+8
j  com.google.inject.internal.ProcessedBindingData.initializeBindings()V+30
j  com.google.inject.internal.InternalInjectorCreator.initializeStatically()V+4
j  com.google.inject.internal.InternalInjectorCreator.build()Lcom/google/inject/Injector;+64
j  com.google.inject.Guice.createInjector(Lcom/google/inject/Stage;Ljava/lang/Iterable;)Lcom/google/inject/Injector;+15
j  com.google.inject.Guice.createInjector(Ljava/lang/Iterable;)Lcom/google/inject/Injector;+4
j  com.google.inject.Guice.createInjector([Lcom/google/inject/Module;)Lcom/google/inject/Injector;+4
j  org.codehaus.plexus.DefaultPlexusContainer.addPlexusInjector(Ljava/util/List;[Lcom/google/inject/Module;)Lcom/google/inject/Injector;+88
j  org.codehaus.plexus.DefaultPlexusContainer.<init>(Lorg/codehaus/plexus/ContainerConfiguration;[Lcom/google/inject/Module;)V+406
j  org.eclipse.m2e.core.internal.embedder.PlexusContainerManager.newPlexusContainer(Ljava/io/File;Lorg/codehaus/plexus/logging/LoggerManager;Lorg/eclipse/m2e/core/embedder/IMavenConfiguration;)Lorg/eclipse/m2e/core/internal/embedder/IMavenPlexusContainer;+241
j  org.eclipse.m2e.core.internal.embedder.PlexusContainerManager.aquire()Lorg/eclipse/m2e/core/internal/embedder/IMavenPlexusContainer;+28
j  org.eclipse.m2e.core.internal.embedder.MavenImpl.getPlexusContainer()Lorg/codehaus/plexus/PlexusContainer;+4
j  org.eclipse.m2e.core.internal.embedder.MavenImpl.lookup(Ljava/lang/Class;)Ljava/lang/Object;+40
j  org.eclipse.m2e.core.internal.embedder.MavenImpl$MavenSettings.getSettings()Lorg/apache/maven/settings/Settings;+220
j  org.eclipse.m2e.core.internal.embedder.MavenImpl.getSettings(Lorg/eclipse/m2e/core/embedder/MavenSettingsLocations;)Lorg/apache/maven/settings/Settings;+21
j  org.eclipse.m2e.core.internal.embedder.MavenImpl.getSettings()Lorg/apache/maven/settings/Settings;+10
j  org.eclipse.m2e.core.internal.repository.RepositoryRegistry.updateRegistry(Lorg/eclipse/core/runtime/IProgressMonitor;)V+4
j  org.eclipse.m2e.core.internal.repository.RepositoryRegistryUpdateJob.run(Lorg/eclipse/core/runtime/IProgressMonitor;)Lorg/eclipse/core/runtime/IStatus;+27
j  org.eclipse.core.internal.jobs.Worker.run()V+32
v  ~StubRoutines::call_stub 0x000001919c06100d

Compiled method (n/a) 50891  997     n 0       java.lang.ClassLoader::defineClass1 (native)
 total in heap  [0x000001919c665390,0x000001919c665818] = 1160
 relocation     [0x000001919c6654f0,0x000001919c665528] = 56
 main code      [0x000001919c665540,0x000001919c665816] = 726
 stub code      [0x000001919c665816,0x000001919c665818] = 2

[Constant Pool (empty)]

[MachCode]
[Entry Point]
  # {method} {0x00000191a6430ff0} 'defineClass1' '(Ljava/lang/ClassLoader;Ljava/lang/String;[BIILjava/security/ProtectionDomain;Ljava/lang/String;)Ljava/lang/Class;' in 'java/lang/ClassLoader'
  # parm0:    rdx:rdx   = 'java/lang/ClassLoader'
  # parm1:    r8:r8     = 'java/lang/String'
  # parm2:    r9:r9     = '[B'
  # parm3:    rdi       = int
  # parm4:    rsi       = int
  # parm5:    rcx:rcx   = 'java/security/ProtectionDomain'
  # parm6:    [sp+0xa0]   = 'java/lang/String'  (sp of caller)
  0x000001919c665540: 448b 5208 | 49bb 0000 | 00a6 9101 | 0000 4d03 | d349 3bc2 | 0f84 0600 

  0x000001919c665558: ;   {runtime_call ic_miss_stub}
  0x000001919c665558: 0000 e921 | 8fa4 ff90 
[Verified Entry Point]
  0x000001919c665560: 8984 2400 | 80ff ff55 | 488b ec48 | 81ec 9000 | 0000 6690 | 4181 7f20 | 0300 0000 

  0x000001919c66557c: ;   {runtime_call StubRoutines (final stubs)}
  0x000001919c66557c: 7405 e85d | 34a3 ff48 | 837d 1000 | 488d 4510 | 480f 4445 | 1048 8944 | 2440 4889 | 4c24 7048 
  0x000001919c66559c: 83f9 0048 | 8d44 2470 | 480f 4444 | 2470 4889 | 4424 3848 | 8974 2430 | 4889 7c24 | 284c 894c 
  0x000001919c6655bc: 2458 4983 | f900 488d | 4424 5848 | 0f44 4424 | 5848 8944 | 2420 4c89 | 4424 5049 | 83f8 004c 
  0x000001919c6655dc: 8d4c 2450 | 4c0f 444c | 2450 4889 | 5424 4848 | 83fa 004c | 8d44 2448 | 4c0f 4444 

  0x000001919c6655f8: ;   {oop(a 'java/lang/Class'{0x00000000c0000bc8} = 'java/lang/ClassLoader')}
  0x000001919c6655f8: 2448 49be | c80b 00c0 | 0000 0000 | 4c89 7424 | 784c 8d74 | 2478 498b | d6c5 f877 

  0x000001919c665614: ;   {internal_word}
  0x000001919c665614: 49ba 1156 | 669c 9101 | 0000 4d89 | 97a0 0300 | 0049 89a7 | 9803 0000 

  0x000001919c66562c: ;   {external_word}
  0x000001919c66562c: 49ba 355b | 969d ff7f | 0000 4180 | 3a00 0f84 | 4e00 0000 | 5241 5041 

  0x000001919c665644: ;   {metadata({method} {0x00000191a6430ff0} 'defineClass1' '(Ljava/lang/ClassLoader;Ljava/lang/String;[BIILjava/security/ProtectionDomain;Ljava/lang/String;)Ljava/lang/Class;' in 'java/lang/ClassLoader')}
  0x000001919c665644: 5148 bae8 | 0f43 a691 | 0100 0049 | 8bcf 4883 | ec20 40f6 | c40f 0f84 | 1900 0000 | 4883 ec08 
  0x000001919c665664: ;   {runtime_call}
  0x000001919c665664: 48b8 c04b | 409d ff7f | 0000 ffd0 | 4883 c408 | e90c 0000 

  0x000001919c665678: ;   {runtime_call}
  0x000001919c665678: 0048 b8c0 | 4b40 9dff | 7f00 00ff | d048 83c4 | 2041 5941 | 585a 498d | 8fb8 0300 | 0041 c787 
  0x000001919c665698: 4404 0000 | 0400 0000 

  0x000001919c6656a0: ;   {runtime_call}
  0x000001919c6656a0: 48b8 ac16 | 1b06 f87f | 0000 ffd0 | c5f8 7741 | c787 4404 | 0000 0500 | 0000 f083 | 4424 c000 
  0x000001919c6656c0: 493b af48 | 0400 000f | 870e 0000 | 0041 83bf | 4004 0000 | 000f 842b | 0000 00c5 | f877 4889 
  0x000001919c6656e0: 45f8 498b | cf4c 8be4 | 4883 ec20 | 4883 e4f0 

  0x000001919c6656f0: ;   {runtime_call}
  0x000001919c6656f0: 48b8 60cf | 0b9d ff7f | 0000 ffd0 | 498b e44d | 33e4 488b | 45f8 41c7 | 8744 0400 | 0008 0000 
  0x000001919c665710: 0041 83bf | c004 0000 | 020f 84ca 

  0x000001919c66571c: ;   {external_word}
  0x000001919c66571c: 0000 0049 | ba35 5b96 | 9dff 7f00 | 0041 803a | 000f 844c | 0000 0048 

  0x000001919c665734: ;   {metadata({method} {0x00000191a6430ff0} 'defineClass1' '(Ljava/lang/ClassLoader;Ljava/lang/String;[BIILjava/security/ProtectionDomain;Ljava/lang/String;)Ljava/lang/Class;' in 'java/lang/ClassLoader')}
  0x000001919c665734: 8945 f848 | bae8 0f43 | a691 0100 | 0049 8bcf | 4883 ec20 | 40f6 c40f | 0f84 1900 | 0000 4883 
  0x000001919c665754: ;   {runtime_call}
  0x000001919c665754: ec08 48b8 | c04b 409d | ff7f 0000 | ffd0 4883 | c408 e90c 

  0x000001919c665768: ;   {runtime_call}
  0x000001919c665768: 0000 0048 | b8c0 4b40 | 9dff 7f00 | 00ff d048 | 83c4 2048 | 8b45 f849 | c787 9803 | 0000 0000 
  0x000001919c665788: 0000 49c7 | 87a0 0300 | 0000 0000 | 00c5 f877 | 4885 c00f | 8425 0000 | 00a8 030f | 8508 0000 
  0x000001919c6657a8: 0048 8b00 | e915 0000 | 00a8 010f | 8509 0000 | 0048 8b40 | fee9 0400 | 0000 488b | 40ff 498b 
  0x000001919c6657c8: 8f28 0400 | 00c7 8100 | 0100 0000 | 0000 00c9 | 4983 7f08 | 000f 8501 | 0000 00c3 

  0x000001919c6657e4: ;   {runtime_call StubRoutines (initial stubs)}
  0x000001919c6657e4: e917 b79f | ffc5 f877 | 4889 45f8 | 4c8b e448 | 83ec 2048 

  0x000001919c6657f8: ;   {runtime_call}
  0x000001919c6657f8: 83e4 f048 | b8a0 8340 | 9dff 7f00 | 00ff d049 | 8be4 4d33 | e448 8b45 | f8e9 09ff | ffff f4f4 
[/MachCode]


Compiled method (c1) 50907 2999       3       java.lang.ClassLoader::defineClass (43 bytes)
 total in heap  [0x0000019195115590,0x0000019195115ef0] = 2400
 relocation     [0x00000191951156f0,0x0000019195115790] = 160
 main code      [0x00000191951157a0,0x0000019195115c40] = 1184
 stub code      [0x0000019195115c40,0x0000019195115cb8] = 120
 metadata       [0x0000019195115cb8,0x0000019195115ce8] = 48
 scopes data    [0x0000019195115ce8,0x0000019195115dd8] = 240
 scopes pcs     [0x0000019195115dd8,0x0000019195115eb8] = 224
 dependencies   [0x0000019195115eb8,0x0000019195115ec8] = 16
 nul chk table  [0x0000019195115ec8,0x0000019195115ef0] = 40

[Constant Pool (empty)]

[MachCode]
[Entry Point]
  # {method} {0x00000191a6431370} 'defineClass' '(Ljava/lang/String;[BIILjava/security/ProtectionDomain;)Ljava/lang/Class;' in 'java/lang/ClassLoader'
  # this:     rdx:rdx   = 'java/lang/ClassLoader'
  # parm0:    r8:r8     = 'java/lang/String'
  # parm1:    r9:r9     = '[B'
  # parm2:    rdi       = int
  # parm3:    rsi       = int
  # parm4:    rcx:rcx   = 'java/security/ProtectionDomain'
  #           [sp+0xc0]  (sp of caller)
  0x00000191951157a0: 448b 5208 | 49bb 0000 | 00a6 9101 | 0000 4d03 | d34c 3bd0 

  0x00000191951157b4: ;   {runtime_call ic_miss_stub}
  0x00000191951157b4: 0f85 c68c | f906 660f | 1f44 0000 
[Verified Entry Point]
  0x00000191951157c0: 8984 2400 | 80ff ff55 | 4881 ecb0 | 0000 0090 | 4181 7f20 | 0300 0000 

  0x00000191951157d8: ;   {runtime_call StubRoutines (final stubs)}
  0x00000191951157d8: 7405 e801 | 32f8 0648 | 8954 2478 

  0x00000191951157e4: ;   {metadata(method data for {method} {0x00000191a6431370} 'defineClass' '(Ljava/lang/String;[BIILjava/security/ProtectionDomain;)Ljava/lang/Class;' in 'java/lang/ClassLoader')}
  0x00000191951157e4: 48bb 9067 | 3bea 9101 | 0000 8b83 | cc00 0000 | 83c0 0289 | 83cc 0000 | 0025 fe07 | 0000 85c0 
  0x0000019195115804: 0f84 5803 | 0000 89b4 | 2494 0000 | 0089 bc24 | 9000 0000 | 4c89 8c24 | 8800 0000 

  0x0000019195115820: ;   {metadata(method data for {method} {0x00000191a6431370} 'defineClass' '(Ljava/lang/String;[BIILjava/security/ProtectionDomain;)Ljava/lang/Class;' in 'java/lang/ClassLoader')}
  0x0000019195115820: 488b da48 | b890 673b | ea91 0100 | 0048 8380 | 1001 0000 | 0149 8bd8 | 4c8b c34c | 8bc9 488b 
  0x0000019195115840: ca48 8bd1 | 4889 9c24 | 8000 0000 

  0x000001919511584c: ;   {optimized virtual_call}
  0x000001919511584c: 6666 90e8 

  0x0000019195115850: ; ImmutableOopMap {[120]=Oop [128]=Oop [136]=Oop }
                      ;*invokevirtual preDefineClass {reexecute=0 rethrow=0 return_oop=0}
                      ; - java.lang.ClassLoader::defineClass@4
  0x0000019195115850: 4c2d caff 

  0x0000019195115854: ;   {other}
  0x0000019195115854: 0f1f 8400 | c402 0000 | 4889 8424 | 9800 0000 | 488b 5424 

  0x0000019195115868: ;   {metadata(method data for {method} {0x00000191a6431370} 'defineClass' '(Ljava/lang/String;[BIILjava/security/ProtectionDomain;)Ljava/lang/Class;' in 'java/lang/ClassLoader')}
  0x0000019195115868: 7849 b890 | 673b ea91 | 0100 0049 | 8380 4801 

  0x0000019195115878: ;   {metadata(method data for {method} {0x00000191a6431058} 'defineClassSourceLocation' '(Ljava/security/ProtectionDomain;)Ljava/lang/String;' in 'java/lang/ClassLoader')}
  0x0000019195115878: 0000 0149 | b8a8 6e3b | ea91 0100 | 0041 8b90 | cc00 0000 | 83c2 0241 | 8990 cc00 | 0000 81e2 
  0x0000019195115898: feff 1f00 | 85d2 0f84 | df02 0000 

  0x00000191951158a4: ; implicit exception: dispatches to 0x0000019195115ba4
  0x00000191951158a4: 483b 004c 

  0x00000191951158a8: ;   {metadata(method data for {method} {0x00000191a6431058} 'defineClassSourceLocation' '(Ljava/security/ProtectionDomain;)Ljava/lang/String;' in 'java/lang/ClassLoader')}
  0x00000191951158a8: 8bc0 48ba | a86e 3bea | 9101 0000 | 4883 8210 | 0100 0001 | 448b 4010 

  0x00000191951158c0: ;   {metadata(method data for {method} {0x00000191a6431058} 'defineClassSourceLocation' '(Ljava/security/ProtectionDomain;)Ljava/lang/String;' in 'java/lang/ClassLoader')}
  0x00000191951158c0: 4d85 c048 | baa8 6e3b | ea91 0100 | 0048 c7c6 | 5801 0000 | 7507 48c7 | c648 0100 | 0048 8b3c 
  0x00000191951158e0: 3248 8d7f | 0148 893c | 320f 850f 

  0x00000191951158ec: ;   {oop(nullptr)}
  0x00000191951158ec: 0000 0048 | bb00 0000 | 0000 0000 | 00e9 a901 | 0000 493b | 0049 8bd0 

  0x0000019195115904: ;   {metadata(method data for {method} {0x00000191a6431058} 'defineClassSourceLocation' '(Ljava/security/ProtectionDomain;)Ljava/lang/String;' in 'java/lang/ClassLoader')}
  0x0000019195115904: 48be a86e | 3bea 9101 | 0000 4883 | 8668 0100 | 0001 418b | 500c 4885 

  0x000001919511591c: ;   {metadata(method data for {method} {0x00000191a6431058} 'defineClassSourceLocation' '(Ljava/security/ProtectionDomain;)Ljava/lang/String;' in 'java/lang/ClassLoader')}
  0x000001919511591c: d248 bea8 | 6e3b ea91 | 0100 0048 | c7c7 b001 | 0000 7507 | 48c7 c7a0 | 0100 0048 | 8b1c 3e48 
  0x000001919511593c: 8d5b 0148 | 891c 3e0f | 850f 0000 

  0x0000019195115948: ;   {oop(nullptr)}
  0x0000019195115948: 0048 bb00 | 0000 0000 | 0000 00e9 | 4f01 0000 

  0x0000019195115958: ;   {metadata(method data for {method} {0x00000191a6431058} 'defineClassSourceLocation' '(Ljava/security/ProtectionDomain;)Ljava/lang/String;' in 'java/lang/ClassLoader')}
  0x0000019195115958: 48be a86e | 3bea 9101 | 0000 4883 | 86c0 0100 | 0001 483b | 024c 8bc2 

  0x0000019195115970: ;   {metadata(method data for {method} {0x00000191a6431058} 'defineClassSourceLocation' '(Ljava/security/ProtectionDomain;)Ljava/lang/String;' in 'java/lang/ClassLoader')}
  0x0000019195115970: 48be a86e | 3bea 9101 | 0000 4883 | 86f8 0100 

  0x0000019195115980: ;   {metadata(method data for {method} {0x00000191a601a838} 'toString' '()Ljava/lang/String;' in 'java/net/URL')}
  0x0000019195115980: 0001 49b8 | 2071 3bea | 9101 0000 | 418b b0cc | 0000 0083 | c602 4189 | b0cc 0000 | 0081 e6fe 
  0x00000191951159a0: ff1f 0085 | f60f 8408 | 0200 004c 

  0x00000191951159ac: ;   {metadata(method data for {method} {0x00000191a601a838} 'toString' '()Ljava/lang/String;' in 'java/net/URL')}
  0x00000191951159ac: 8bc2 48be | 2071 3bea | 9101 0000 | 4883 8610 | 0100 0001 

  0x00000191951159c0: ;   {metadata(method data for {method} {0x00000191a6424bf8} 'toExternalForm' '()Ljava/lang/String;' in 'java/net/URL')}
  0x00000191951159c0: 49b8 3898 | 36ea 9101 | 0000 418b | b0cc 0000 | 0083 c602 | 4189 b0cc | 0000 0081 | e6fe ff1f 
  0x00000191951159e0: 0085 f60f | 84eb 0100 | 008b 7238 

  0x00000191951159ec: ; implicit exception: dispatches to 0x0000019195115bf5
  0x00000191951159ec: 483b 064c 

  0x00000191951159f0: ;   {metadata(method data for {method} {0x00000191a6424bf8} 'toExternalForm' '()Ljava/lang/String;' in 'java/net/URL')}
  0x00000191951159f0: 8bc6 48bf | 3898 36ea | 9101 0000 | 458b 4008 | 49ba 0000 | 00a6 9101 | 0000 4d03 | c24c 3b87 
  0x0000019195115a10: 2001 0000 | 750d 4883 | 8728 0100 | 0001 e960 | 0000 004c | 3b87 3001 | 0000 750d | 4883 8738 
  0x0000019195115a30: 0100 0001 | e94a 0000 | 0048 83bf | 2001 0000 | 0075 174c | 8987 2001 | 0000 48c7 | 8728 0100 
  0x0000019195115a50: 0001 0000 | 00e9 2900 | 0000 4883 | bf30 0100 | 0000 7517 | 4c89 8730 | 0100 0048 | c787 3801 
  0x0000019195115a70: 0000 0100 | 0000 e908 | 0000 0048 | 8387 1001 | 0000 014c | 8bc2 488b | d60f 1f40 | 0048 b8ff 
  0x0000019195115a90: ffff ffff 

  0x0000019195115a94: ;   {virtual_call}
  0x0000019195115a94: ffff ffe8 

  0x0000019195115a98: ; ImmutableOopMap {[120]=Oop [128]=Oop [136]=Oop [152]=Oop }
                      ;*invokevirtual toExternalForm {reexecute=0 rethrow=0 return_oop=0}
                      ; - java.net.URL::toExternalForm@5
                      ; - java.net.URL::toString@1
                      ; - java.lang.ClassLoader::defineClassSourceLocation@22
                      ; - java.lang.ClassLoader::defineClass@12
  0x0000019195115a98: e45d 0507 

  0x0000019195115a9c: ;   {other}
  0x0000019195115a9c: 0f1f 8400 | 0c05 0001 | 488b d848 | 8b84 2498 | 0000 008b | b424 9400 | 0000 8bbc | 2490 0000 
  0x0000019195115abc: 004c 8b8c | 2488 0000 | 004c 8b84 | 2480 0000 | 0048 8b54 

  0x0000019195115ad0: ;   {metadata(method data for {method} {0x00000191a6431370} 'defineClass' '(Ljava/lang/String;[BIILjava/security/ProtectionDomain;)Ljava/lang/Class;' in 'java/lang/ClassLoader')}
  0x0000019195115ad0: 2478 48b9 | 9067 3bea | 9101 0000 | 4883 8180 | 0100 0001 | 4c8b da49 | 8bd3 488b | c848 891c 
  0x0000019195115af0: 2466 0f1f 

  0x0000019195115af4: ;   {static_call}
  0x0000019195115af4: 4400 00e8 

  0x0000019195115af8: ; ImmutableOopMap {[120]=Oop [152]=Oop }
                      ;*invokestatic defineClass1 {reexecute=0 rethrow=0 return_oop=0}
                      ; - java.lang.ClassLoader::defineClass@27
  0x0000019195115af8: 64fa 5407 

  0x0000019195115afc: ;   {other}
  0x0000019195115afc: 0f1f 8400 | 6c05 0002 | 488b 5424 

  0x0000019195115b08: ;   {metadata(method data for {method} {0x00000191a6431370} 'defineClass' '(Ljava/lang/String;[BIILjava/security/ProtectionDomain;)Ljava/lang/Class;' in 'java/lang/ClassLoader')}
  0x0000019195115b08: 7849 b890 | 673b ea91 | 0100 0049 | 8380 9001 | 0000 014c | 8bc0 4c8b | 8c24 9800 | 0000 488b 
  0x0000019195115b28: 5424 7848 | 8984 24a0 | 0000 000f 

  0x0000019195115b34: ;   {optimized virtual_call}
  0x0000019195115b34: 1f40 00e8 

  0x0000019195115b38: ; ImmutableOopMap {[160]=Oop }
                      ;*invokevirtual postDefineClass {reexecute=0 rethrow=0 return_oop=0}
                      ; - java.lang.ClassLoader::defineClass@37
  0x0000019195115b38: e46c caff 

  0x0000019195115b3c: ;   {other}
  0x0000019195115b3c: 0f1f 8400 | ac05 0003 | 488b 8424 | a000 0000 | 4881 c4b0 | 0000 005d 

  0x0000019195115b54: ;   {poll_return}
  0x0000019195115b54: 493b a748 | 0400 000f | 8799 0000 

  0x0000019195115b60: ;   {metadata({method} {0x00000191a6431370} 'defineClass' '(Ljava/lang/String;[BIILjava/security/ProtectionDomain;)Ljava/lang/Class;' in 'java/lang/ClassLoader')}
  0x0000019195115b60: 00c3 49ba | 6813 43a6 | 9101 0000 | 4c89 5424 | 0848 c704 | 24ff ffff 

  0x0000019195115b78: ;   {runtime_call counter_overflow Runtime1 stub}
  0x0000019195115b78: ffe8 82c7 

  0x0000019195115b7c: ; ImmutableOopMap {rdx=Oop r8=Oop r9=Oop rcx=Oop [120]=Oop }
                      ;*synchronization entry
                      ; - java.lang.ClassLoader::defineClass@-1
  0x0000019195115b7c: 0407 e987 

  0x0000019195115b80: ;   {metadata({method} {0x00000191a6431058} 'defineClassSourceLocation' '(Ljava/security/ProtectionDomain;)Ljava/lang/String;' in 'java/lang/ClassLoader')}
  0x0000019195115b80: fcff ff49 | ba50 1043 | a691 0100 | 004c 8954 | 2408 48c7 | 0424 ffff 

  0x0000019195115b98: ;   {runtime_call counter_overflow Runtime1 stub}
  0x0000019195115b98: ffff e861 

  0x0000019195115b9c: ; ImmutableOopMap {rax=Oop [120]=Oop [128]=Oop [136]=Oop [152]=Oop }
                      ;*synchronization entry
                      ; - java.lang.ClassLoader::defineClassSourceLocation@-1
                      ; - java.lang.ClassLoader::defineClass@12
  0x0000019195115b9c: c704 07e9 | 00fd ffff 

  0x0000019195115ba4: ;   {runtime_call throw_null_pointer_exception Runtime1 stub}
  0x0000019195115ba4: e857 7604 

  0x0000019195115ba8: ; ImmutableOopMap {rax=Oop [120]=Oop [128]=Oop [136]=Oop [152]=Oop }
                      ;*invokevirtual getCodeSource {reexecute=0 rethrow=0 return_oop=0}
                      ; - java.lang.ClassLoader::defineClassSourceLocation@1
                      ; - java.lang.ClassLoader::defineClass@12
                      ;   {runtime_call throw_null_pointer_exception Runtime1 stub}
  0x0000019195115ba8: 07e8 5276 

  0x0000019195115bac: ; ImmutableOopMap {rax=Oop r8=Oop [120]=Oop [128]=Oop [136]=Oop [152]=Oop }
                      ;*invokevirtual getLocation {reexecute=0 rethrow=0 return_oop=0}
                      ; - java.lang.ClassLoader::defineClassSourceLocation@12
                      ; - java.lang.ClassLoader::defineClass@12
                      ;   {runtime_call throw_null_pointer_exception Runtime1 stub}
  0x0000019195115bac: 0407 e84d 

  0x0000019195115bb0: ; ImmutableOopMap {rdx=Oop [120]=Oop [128]=Oop [136]=Oop [152]=Oop }
                      ;*invokevirtual toString {reexecute=0 rethrow=0 return_oop=0}
                      ; - java.lang.ClassLoader::defineClassSourceLocation@22
                      ; - java.lang.ClassLoader::defineClass@12
                      ;   {metadata({method} {0x00000191a601a838} 'toString' '()Ljava/lang/String;' in 'java/net/URL')}
  0x0000019195115bb0: 7604 0749 | ba30 a801 | a691 0100 | 004c 8954 | 2408 48c7 | 0424 ffff 

  0x0000019195115bc8: ;   {runtime_call counter_overflow Runtime1 stub}
  0x0000019195115bc8: ffff e831 

  0x0000019195115bcc: ; ImmutableOopMap {rdx=Oop [120]=Oop [128]=Oop [136]=Oop [152]=Oop }
                      ;*synchronization entry
                      ; - java.net.URL::toString@-1
                      ; - java.lang.ClassLoader::defineClassSourceLocation@22
                      ; - java.lang.ClassLoader::defineClass@12
  0x0000019195115bcc: c704 07e9 | d7fd ffff 

  0x0000019195115bd4: ;   {metadata({method} {0x00000191a6424bf8} 'toExternalForm' '()Ljava/lang/String;' in 'java/net/URL')}
  0x0000019195115bd4: 49ba f04b | 42a6 9101 | 0000 4c89 | 5424 0848 | c704 24ff 

  0x0000019195115be8: ;   {runtime_call counter_overflow Runtime1 stub}
  0x0000019195115be8: ffff ffe8 

  0x0000019195115bec: ; ImmutableOopMap {rdx=Oop [120]=Oop [128]=Oop [136]=Oop [152]=Oop }
                      ;*synchronization entry
                      ; - java.net.URL::toExternalForm@-1
                      ; - java.net.URL::toString@1
                      ; - java.lang.ClassLoader::defineClassSourceLocation@22
                      ; - java.lang.ClassLoader::defineClass@12
  0x0000019195115bec: 10c7 0407 | e9f4 fdff 

  0x0000019195115bf4: ;   {runtime_call throw_null_pointer_exception Runtime1 stub}
  0x0000019195115bf4: ffe8 0676 

  0x0000019195115bf8: ; ImmutableOopMap {rdx=Oop rsi=Oop [120]=Oop [128]=Oop [136]=Oop [152]=Oop }
                      ;*invokevirtual toExternalForm {reexecute=0 rethrow=0 return_oop=0}
                      ; - java.net.URL::toExternalForm@5
                      ; - java.net.URL::toString@1
                      ; - java.lang.ClassLoader::defineClassSourceLocation@22
                      ; - java.lang.ClassLoader::defineClass@12
                      ;   {internal_word}
  0x0000019195115bf8: 0407 49ba | 545b 1195 | 9101 0000 | 4d89 9760 

  0x0000019195115c08: ;   {runtime_call SafepointBlob}
  0x0000019195115c08: 0400 00e9 | f0ee f906 | 498b 87f8 | 0400 0049 | c787 f804 | 0000 0000 | 0000 49c7 | 8700 0500 
  0x0000019195115c28: 0000 0000 | 0048 81c4 | b000 0000 

  0x0000019195115c34: ;   {runtime_call unwind_exception Runtime1 stub}
  0x0000019195115c34: 5de9 c666 | 0407 f4f4 | f4f4 f4f4 
[Stub Code]
  0x0000019195115c40: ;   {no_reloc}
  0x0000019195115c40: 0f1f 4400 

  0x0000019195115c44: ;   {static_stub}
  0x0000019195115c44: 0048 bb00 | 0000 0000 

  0x0000019195115c4c: ;   {runtime_call nmethod}
  0x0000019195115c4c: 0000 00e9 | fbff ffff 

  0x0000019195115c54: ;   {static_stub}
  0x0000019195115c54: 48bb 0000 | 0000 0000 

  0x0000019195115c5c: ;   {runtime_call nmethod}
  0x0000019195115c5c: 0000 e9fb 

  0x0000019195115c60: ;   {static_stub}
  0x0000019195115c60: ffff ff48 | bb00 0000 | 0000 0000 

  0x0000019195115c6c: ;   {runtime_call nmethod}
  0x0000019195115c6c: 00e9 fbff 

  0x0000019195115c70: ;   {static_stub}
  0x0000019195115c70: ffff 48bb | 0000 0000 | 0000 0000 

  0x0000019195115c7c: ;   {runtime_call nmethod}
  0x0000019195115c7c: e9fb ffff 

  0x0000019195115c80: ;   {runtime_call handle_exception_from_callee Runtime1 stub}
  0x0000019195115c80: ffe8 7a93 

  0x0000019195115c84: ;   {external_word}
  0x0000019195115c84: 0407 48b9 | 907f 6c9d | ff7f 0000 | 4883 e4f0 

  0x0000019195115c94: ;   {runtime_call}
  0x0000019195115c94: 48b8 f042 | 2f9d ff7f | 0000 ffd0 

  0x0000019195115ca0: ;   {section_word}
  0x0000019195115ca0: f449 baa1 | 5c11 9591 | 0100 0041 

  0x0000019195115cac: ;   {runtime_call DeoptimizationBlob}
  0x0000019195115cac: 52e9 eee0 | f906 f4f4 | f4f4 f4f4 
[/MachCode]


Compiled method (c1) 50944 6134   !   2       com.google.common.cache.LocalCache$LoadingValueReference::loadFuture (123 bytes)
 total in heap  [0x0000019194c3f890,0x0000019194c40b60] = 4816
 relocation     [0x0000019194c3f9f0,0x0000019194c3fb70] = 384
 main code      [0x0000019194c3fb80,0x0000019194c40278] = 1784
 stub code      [0x0000019194c40278,0x0000019194c403b0] = 312
 oops           [0x0000019194c403b0,0x0000019194c403c0] = 16
 metadata       [0x0000019194c403c0,0x0000019194c40450] = 144
 scopes data    [0x0000019194c40450,0x0000019194c40618] = 456
 scopes pcs     [0x0000019194c40618,0x0000019194c40858] = 576
 dependencies   [0x0000019194c40858,0x0000019194c40888] = 48
 handler table  [0x0000019194c40888,0x0000019194c40b28] = 672
 nul chk table  [0x0000019194c40b28,0x0000019194c40b60] = 56

[Constant Pool (empty)]

[MachCode]
[Entry Point]
  # {method} {0x00000191eb258750} 'loadFuture' '(Ljava/lang/Object;Lcom/google/common/cache/CacheLoader;)Lcom/google/common/util/concurrent/ListenableFuture;' in 'com/google/common/cache/LocalCache$LoadingValueReference'
  # this:     rdx:rdx   = 'com/google/common/cache/LocalCache$LoadingValueReference'
  # parm0:    r8:r8     = 'java/lang/Object'
  # parm1:    r9:r9     = 'com/google/common/cache/CacheLoader'
  #           [sp+0x100]  (sp of caller)
  0x0000019194c3fb80: 448b 5208 | 49bb 0000 | 00a6 9101 | 0000 4d03 | d34c 3bd0 

  0x0000019194c3fb94: ;   {runtime_call ic_miss_stub}
  0x0000019194c3fb94: 0f85 e6e8 | 4607 660f | 1f44 0000 
[Verified Entry Point]
  0x0000019194c3fba0: 8984 2400 | 80ff ff55 | 4881 ecf0 | 0000 0090 | 4181 7f20 | 0300 0000 

  0x0000019194c3fbb8: ;   {runtime_call StubRoutines (final stubs)}
  0x0000019194c3fbb8: 7405 e821 | 8e45 0748 | 8994 2488 | 0000 004c | 8984 2490 | 0000 004c | 898c 2498 | 0000 0048 
  0x0000019194c3fbd8: be18 199b | eb91 0100 | 008b 7e08 | 83c7 0289 | 7e08 81e7 | fe0f 0000 | 85ff 0f84 | 2d05 0000 
  0x0000019194c3fbf8: 8b72 1448 | 89b4 2480 | 0000 000f | be7e 0c85 | ffbb 0000 | 0000 7505 | bb01 0000 | 0085 ff0f 
  0x0000019194c3fc18: 8547 0300 | 00c6 460c | 018b 7e20 | 488b d766 | 0f1f 4400 | 0048 b838 | 8224 a791 

  0x0000019194c3fc34: ;   {virtual_call}
  0x0000019194c3fc34: 0100 00e8 

  0x0000019194c3fc38: ; ImmutableOopMap {[128]=Oop [136]=Oop [144]=Oop [152]=Oop }
                      ;*invokevirtual read {reexecute=0 rethrow=0 return_oop=0}
                      ; - com.google.common.base.Stopwatch::start@27 (line 168)
                      ; - com.google.common.cache.LocalCache$LoadingValueReference::loadFuture@4 (line 3571)
  0x0000019194c3fc38: 8486 2300 

  0x0000019194c3fc3c: ;   {other}
  0x0000019194c3fc3c: 0f1f 8400 | ac03 0000 | 488b b424 | 8000 0000 | 4889 4618 | 488b 9424 | 8800 0000 | 8b72 0c48 
  0x0000019194c3fc5c: 8bd6 0f1f | 8000 0000 | 0048 b868 | ac24 a791 

  0x0000019194c3fc6c: ;   {virtual_call}
  0x0000019194c3fc6c: 0100 00e8 

  0x0000019194c3fc70: ; ImmutableOopMap {[136]=Oop [144]=Oop [152]=Oop }
                      ;*invokeinterface get {reexecute=0 rethrow=0 return_oop=0}
                      ; - com.google.common.cache.LocalCache$LoadingValueReference::loadFuture@12 (line 3572)
  0x0000019194c3fc70: 2ca0 ae07 

  0x0000019194c3fc74: ;   {other}
  0x0000019194c3fc74: 0f1f 8400 | e403 0001 | 4885 c00f | 856a 0000 | 004c 8b84 | 2490 0000 | 0048 8b94 | 2498 0000 
  0x0000019194c3fc94: 0048 b8ff | ffff ffff 

  0x0000019194c3fc9c: ;   {virtual_call}
  0x0000019194c3fc9c: ffff ffe8 

  0x0000019194c3fca0: ; ImmutableOopMap {[136]=Oop }
                      ;*invokevirtual load {reexecute=0 rethrow=0 return_oop=0}
                      ; - com.google.common.cache.LocalCache$LoadingValueReference::loadFuture@24 (line 3574)
  0x0000019194c3fca0: fcc6 4607 

  0x0000019194c3fca4: ;   {other}
  0x0000019194c3fca4: 0f1f 8400 | 1404 0002 | 488b 9424 | 8800 0000 | 8b72 1048 | 3b06 4c8b | c048 8bd6 | 4889 8424 
  0x0000019194c3fcc4: a000 0000 | 0f1f 8000 

  0x0000019194c3fccc: ;   {optimized virtual_call}
  0x0000019194c3fccc: 0000 00e8 

  0x0000019194c3fcd0: ; ImmutableOopMap {[136]=Oop [160]=Oop }
                      ;*invokespecial set {reexecute=0 rethrow=0 return_oop=0}
                      ; - com.google.common.util.concurrent.SettableFuture::set@2 (line 49)
                      ; - com.google.common.cache.LocalCache$LoadingValueReference::set@5 (line 3543)
                      ; - com.google.common.cache.LocalCache$LoadingValueReference::loadFuture@32 (line 3575)
  0x0000019194c3fcd0: 2ccb 1100 

  0x0000019194c3fcd4: ;   {other}
  0x0000019194c3fcd4: 0f1f 8400 | 4404 0003 | 83e0 0183 | e001 85c0 | 0f84 2001 | 0000 e90b | 0100 004c | 8b8c 2498 
  0x0000019194c3fcf4: 0000 004c | 8b84 2490 | 0000 0049 | 3b01 4d85 | c00f 84c1 | 0100 0048 | 85c0 0f84 | 2c01 0000 
  0x0000019194c3fd14: 498b d166 | 0f1f 4400 | 0048 b8ff | ffff ffff 

  0x0000019194c3fd24: ;   {virtual_call}
  0x0000019194c3fd24: ffff ffe8 

  0x0000019194c3fd28: ; ImmutableOopMap {[136]=Oop }
                      ;*invokevirtual load {reexecute=0 rethrow=0 return_oop=0}
                      ; - com.google.common.cache.CacheLoader::reload@12 (line 100)
                      ; - com.google.common.cache.LocalCache$LoadingValueReference::loadFuture@54 (line 3577)
  0x0000019194c3fd28: 54ed 4607 

  0x0000019194c3fd2c: ;   {other}
  0x0000019194c3fd2c: 0f1f 8400 | 9c04 0004 

  0x0000019194c3fd34: ;   {static_call}
  0x0000019194c3fd34: 488b d0e8 

  0x0000019194c3fd38: ; ImmutableOopMap {[136]=Oop }
                      ;*invokestatic immediateFuture {reexecute=0 rethrow=0 return_oop=0}
                      ; - com.google.common.cache.CacheLoader::reload@15 (line 100)
                      ; - com.google.common.cache.LocalCache$LoadingValueReference::loadFuture@54 (line 3577)
  0x0000019194c3fd38: 44f0 4607 

  0x0000019194c3fd3c: ;   {other}
  0x0000019194c3fd3c: 0f1f 8400 | ac04 0005 | 4885 c00f | 852d 0000 

  0x0000019194c3fd4c: ;   {oop(nullptr)}
  0x0000019194c3fd4c: 0048 ba00 | 0000 0000 

  0x0000019194c3fd54: ;   {static_call}
  0x0000019194c3fd54: 0000 00e8 

  0x0000019194c3fd58: ; ImmutableOopMap {[136]=Oop }
                      ;*invokestatic immediateFuture {reexecute=0 rethrow=0 return_oop=0}
                      ; - com.google.common.cache.LocalCache$LoadingValueReference::loadFuture@65 (line 3579)
  0x0000019194c3fd58: 24f0 4607 

  0x0000019194c3fd5c: ;   {other}
  0x0000019194c3fd5c: 0f1f 8400 | cc04 0006 | 4881 c4f0 | 0000 005d 

  0x0000019194c3fd6c: ;   {poll_return}
  0x0000019194c3fd6c: 493b a748 | 0400 000f | 87dc 0300 | 00c3 4889 | 8424 a800 | 0000 660f | 1f44 0000 

  0x0000019194c3fd88: ;   {no_reloc}
  0x0000019194c3fd88: e9ed 0300 | 0090 9090 | 9090 488b | 9424 8800 | 0000 0f1f 

  0x0000019194c3fd9c: ;   {static_call}
  0x0000019194c3fd9c: 4400 00e8 

  0x0000019194c3fda0: ; ImmutableOopMap {[136]=Oop [168]=Oop }
                      ;*invokedynamic {reexecute=0 rethrow=0 return_oop=0}
                      ; - com.google.common.cache.LocalCache$LoadingValueReference::loadFuture@72 (line 3583)
  0x0000019194c3fda0: dcef 4607 

  0x0000019194c3fda4: ;   {other}
  0x0000019194c3fda4: 0f1f 8400 | 1405 0007 | 4889 8424 | b000 0000 

  0x0000019194c3fdb4: ;   {static_call}
  0x0000019194c3fdb4: 6666 90e8 

  0x0000019194c3fdb8: ; ImmutableOopMap {[136]=Oop [168]=Oop [176]=Oop }
                      ;*invokestatic directExecutor {reexecute=0 rethrow=0 return_oop=0}
                      ; - com.google.common.cache.LocalCache$LoadingValueReference::loadFuture@77 (line 3589)
  0x0000019194c3fdb8: c4ef 4607 

  0x0000019194c3fdbc: ;   {other}
  0x0000019194c3fdbc: 0f1f 8400 | 2c05 0008 | 488b 9424 | a800 0000 | 4c8b 8424 | b000 0000 

  0x0000019194c3fdd4: ;   {static_call}
  0x0000019194c3fdd4: 4c8b c8e8 

  0x0000019194c3fdd8: ; ImmutableOopMap {[136]=Oop }
                      ;*invokestatic transform {reexecute=0 rethrow=0 return_oop=0}
                      ; - com.google.common.cache.LocalCache$LoadingValueReference::loadFuture@80 (line 3583)
  0x0000019194c3fdd8: a4ef 4607 

  0x0000019194c3fddc: ;   {other}
  0x0000019194c3fddc: 0f1f 8400 | 4c05 0009 | 4881 c4f0 | 0000 005d 

  0x0000019194c3fdec: ;   {poll_return}
  0x0000019194c3fdec: 493b a748 | 0400 000f | 878b 0300 | 00c3 488b | 9424 8800 | 0000 8b72 | 10e9 1d00 | 0000 488b 
  0x0000019194c3fe0c: 8424 a000 | 0000 488b 

  0x0000019194c3fe14: ;   {static_call}
  0x0000019194c3fe14: d066 90e8 

  0x0000019194c3fe18: ; ImmutableOopMap {[136]=Oop }
                      ;*invokestatic immediateFuture {reexecute=0 rethrow=0 return_oop=0}
                      ; - com.google.common.cache.LocalCache$LoadingValueReference::loadFuture@47 (line 3575)
  0x0000019194c3fe18: 64ef 4607 

  0x0000019194c3fe1c: ;   {other}
  0x0000019194c3fe1c: 0f1f 8400 | 8c05 000a | 488b f048 | 8bc6 4881 | c4f0 0000 

  0x0000019194c3fe30: ;   {poll_return}
  0x0000019194c3fe30: 005d 493b | a748 0400 | 000f 875b | 0300 00c3 

  0x0000019194c3fe40: ;   {no_reloc}
  0x0000019194c3fe40: e97a 0300 | 0000 0000 | 0000 498b | 87b8 0100 | 0048 8d78 | 3049 3bbf | c801 0000 | 0f87 6703 
  0x0000019194c3fe60: 0000 4989 | bfb8 0100 | 0048 c700 | 0100 0000 | 488b ca49 | ba00 0000 | a691 0100 | 0049 2bca 
  0x0000019194c3fe80: 8948 0848 | 33c9 8948 | 0c48 33c9 | 4889 4810 | 4889 4818 | 4889 4820 | 4889 4828 | 488b d048 
  0x0000019194c3fea0: 8984 24b8 

  0x0000019194c3fea4: ;   {optimized virtual_call}
  0x0000019194c3fea4: 0000 00e8 

  0x0000019194c3fea8: ; ImmutableOopMap {[136]=Oop [144]=Oop [152]=Oop [184]=Oop }
                      ;*invokespecial <init> {reexecute=0 rethrow=0 return_oop=0}
                      ; - com.google.common.base.Preconditions::checkNotNull@8 (line 904)
                      ; - com.google.common.cache.CacheLoader::reload@6 (line 99)
                      ; - com.google.common.cache.LocalCache$LoadingValueReference::loadFuture@54 (line 3577)
  0x0000019194c3fea8: d4e8 4607 

  0x0000019194c3feac: ;   {other}
  0x0000019194c3feac: 0f1f 8400 | 1c06 000b | 488b 8424 

  0x0000019194c3feb8: ; ImmutableOopMap {rax=Oop [136]=Oop [144]=Oop [152]=Oop }
                      ;*athrow {reexecute=1 rethrow=0 return_oop=0}
                      ; - (reexecute) com.google.common.base.Preconditions::checkNotNull@11 (line 904)
                      ; - com.google.common.cache.CacheLoader::reload@6 (line 99)
                      ; - com.google.common.cache.LocalCache$LoadingValueReference::loadFuture@54 (line 3577)
  0x0000019194c3feb8: b800 0000 

  0x0000019194c3febc: ;   {section_word}
  0x0000019194c3febc: 48ba bcfe | c394 9101 

  0x0000019194c3fec4: ;   {runtime_call handle_exception_nofpu Runtime1 stub}
  0x0000019194c3fec4: 0000 e835 | eb51 0790 | 4889 8424 | c800 0000 | 0f1f 4000 

  0x0000019194c3fed8: ;   {no_reloc}
  0x0000019194c3fed8: e908 0300 | 0000 0000 | 0000 498b | 87b8 0100 | 0048 8d78 | 3049 3bbf | c801 0000 | 0f87 f502 
  0x0000019194c3fef8: 0000 4989 | bfb8 0100 | 0048 c700 | 0100 0000 | 488b ca49 | ba00 0000 | a691 0100 | 0049 2bca 
  0x0000019194c3ff18: 8948 0848 | 33c9 8948 | 0c48 33c9 | 4889 4810 | 4889 4818 | 4889 4820 | 4889 4828 | 488b d048 
  0x0000019194c3ff38: 8984 24c0 

  0x0000019194c3ff3c: ;   {optimized virtual_call}
  0x0000019194c3ff3c: 0000 00e8 

  0x0000019194c3ff40: ; ImmutableOopMap {[136]=Oop [144]=Oop [152]=Oop [192]=Oop [200]=Oop }
                      ;*invokespecial <init> {reexecute=0 rethrow=0 return_oop=0}
                      ; - com.google.common.base.Preconditions::checkNotNull@8 (line 904)
                      ; - com.google.common.cache.CacheLoader::reload@1 (line 98)
                      ; - com.google.common.cache.LocalCache$LoadingValueReference::loadFuture@54 (line 3577)
  0x0000019194c3ff40: 3ce8 4607 

  0x0000019194c3ff44: ;   {other}
  0x0000019194c3ff44: 0f1f 8400 | b406 000d | 488b 8424 

  0x0000019194c3ff50: ; ImmutableOopMap {rax=Oop [136]=Oop [144]=Oop [152]=Oop [200]=Oop }
                      ;*athrow {reexecute=1 rethrow=0 return_oop=0}
                      ; - (reexecute) com.google.common.base.Preconditions::checkNotNull@11 (line 904)
                      ; - com.google.common.cache.CacheLoader::reload@1 (line 98)
                      ; - com.google.common.cache.LocalCache$LoadingValueReference::loadFuture@54 (line 3577)
  0x0000019194c3ff50: c000 0000 

  0x0000019194c3ff54: ;   {section_word}
  0x0000019194c3ff54: 48ba 54ff | c394 9101 

  0x0000019194c3ff5c: ;   {runtime_call handle_exception_nofpu Runtime1 stub}
  0x0000019194c3ff5c: 0000 e89d | ea51 0790 | 0f1f 4000 

  0x0000019194c3ff68: ;   {no_reloc}
  0x0000019194c3ff68: e99e 0200 | 0000 0000 | 0000 80ba | 2101 0000 | 040f 859b | 0200 0049 | 8b87 b801 | 0000 488d 
  0x0000019194c3ff88: 7828 493b | bfc8 0100 | 000f 8783 | 0200 0049 | 89bf b801 | 0000 48c7 | 0001 0000 | 0048 8bca 
  0x0000019194c3ffa8: 49ba 0000 | 00a6 9101 | 0000 492b | ca89 4808 | 4833 c989 | 480c 4833 | c948 8948 | 1048 8948 
  0x0000019194c3ffc8: 1848 8948 

  0x0000019194c3ffcc: ;   {oop("This stopwatch is already running."{0x00000000c0d37cc8})}
  0x0000019194c3ffcc: 2048 bac8 | 7cd3 c000 | 0000 004c | 8bc2 488b | d048 8984 | 24d0 0000 

  0x0000019194c3ffe4: ;   {optimized virtual_call}
  0x0000019194c3ffe4: 0066 90e8 

  0x0000019194c3ffe8: ; ImmutableOopMap {[128]=Oop [136]=Oop [144]=Oop [152]=Oop [208]=Oop }
                      ;*invokespecial <init> {reexecute=0 rethrow=0 return_oop=0}
                      ; - com.google.common.base.Preconditions::checkState@12 (line 513)
                      ; - com.google.common.base.Stopwatch::start@14 (line 166)
                      ; - com.google.common.cache.LocalCache$LoadingValueReference::loadFuture@4 (line 3571)
  0x0000019194c3ffe8: 94e7 4607 

  0x0000019194c3ffec: ;   {other}
  0x0000019194c3ffec: 0f1f 8400 | 5c07 000f | 488b 8424 

  0x0000019194c3fff8: ; ImmutableOopMap {rax=Oop [128]=Oop [136]=Oop [144]=Oop [152]=Oop }
                      ;*athrow {reexecute=1 rethrow=0 return_oop=0}
                      ; - (reexecute) com.google.common.base.Preconditions::checkState@15 (line 513)
                      ; - com.google.common.base.Stopwatch::start@14 (line 166)
                      ; - com.google.common.cache.LocalCache$LoadingValueReference::loadFuture@4 (line 3571)
  0x0000019194c3fff8: d000 0000 

  0x0000019194c3fffc: ;   {section_word}
  0x0000019194c3fffc: 48ba fcff | c394 9101 

  0x0000019194c40004: ;   {runtime_call handle_exception_nofpu Runtime1 stub}
  0x0000019194c40004: 0000 e8f5 | e951 0790 | 488b 9424 | 8800 0000 | 498b 87f8 | 0400 004d | 33d2 4d89 | 97f8 0400 
  0x0000019194c40024: 004d 33d2 | 4d89 9700 | 0500 008b | 7210 483b | 064c 8bc0 | 488b d648 | 8984 24d8 | 0000 000f 
  0x0000019194c40044: ;   {optimized virtual_call}
  0x0000019194c40044: 1f40 00e8 

  0x0000019194c40048: ; ImmutableOopMap {[136]=Oop [216]=Oop }
                      ;*invokespecial setException {reexecute=0 rethrow=0 return_oop=0}
                      ; - com.google.common.util.concurrent.SettableFuture::setException@2 (line 55)
                      ; - com.google.common.cache.LocalCache$LoadingValueReference::setException@5 (line 3548)
                      ; - com.google.common.cache.LocalCache$LoadingValueReference::loadFuture@87 (line 3591)
  0x0000019194c40048: 34e7 4607 

  0x0000019194c4004c: ;   {other}
  0x0000019194c4004c: 0f1f 8400 | bc07 0011 | 83e0 0183 | e001 85c0 | 0f84 1000 | 0000 488b | 9424 8800 | 0000 8b52 
  0x0000019194c4006c: 10e9 1d00 | 0000 488b | 9424 d800 | 0000 0f1f 

  0x0000019194c4007c: ;   {static_call}
  0x0000019194c4007c: 4400 00e8 

  0x0000019194c40080: ; ImmutableOopMap {[216]=Oop }
                      ;*invokestatic immediateFailedFuture {reexecute=0 rethrow=0 return_oop=0}
                      ; - com.google.common.cache.LocalCache$LoadingValueReference::fullyFailedFuture@1 (line 3552)
                      ; - com.google.common.cache.LocalCache$LoadingValueReference::loadFuture@102 (line 3591)
  0x0000019194c40080: fcec 4607 

  0x0000019194c40084: ;   {other}
  0x0000019194c40084: 0f1f 8400 | f407 0012 | 488b d048 | 8b84 24d8 | 0000 0048 | 85c0 0f84 | 2800 0000 

  0x0000019194c400a0: ;   {metadata('java/lang/InterruptedException')}
  0x0000019194c400a0: 48be b882 | 02a7 9101 | 0000 8b78 | 0849 ba00 | 0000 a691 | 0100 0049 | 03fa 483b | f70f 8505 
  0x0000019194c400c0: 0000 00e9 | 0500 0000 | 4833 f6eb | 0748 c7c6 | 0100 0000 | 85f6 0f84 | 3000 0000 | 4889 9424 
  0x0000019194c400e0: e000 0000 | 498b b780 | 0300 0048 | 8b36 483b | 0648 8bd6 

  0x0000019194c400f4: ;   {optimized virtual_call}
  0x0000019194c400f4: 6666 90e8 

  0x0000019194c400f8: ; ImmutableOopMap {[224]=Oop }
                      ;*invokevirtual interrupt {reexecute=0 rethrow=0 return_oop=0}
                      ; - com.google.common.cache.LocalCache$LoadingValueReference::loadFuture@117 (line 3593)
  0x0000019194c400f8: 84e6 4607 

  0x0000019194c400fc: ;   {other}
  0x0000019194c400fc: 0f1f 8400 | 6c08 0013 | 488b 9424 | e000 0000 | 488b c248 | 81c4 f000 

  0x0000019194c40114: ;   {poll_return}
  0x0000019194c40114: 0000 5d49 | 3ba7 4804 | 0000 0f87 | 0d01 0000 

  0x0000019194c40124: ;   {metadata({method} {0x00000191eb258750} 'loadFuture' '(Ljava/lang/Object;Lcom/google/common/cache/CacheLoader;)Lcom/google/common/util/concurrent/ListenableFuture;' in 'com/google/common/cache/LocalCache$LoadingValueReference')}
  0x0000019194c40124: c349 ba48 | 8725 eb91 | 0100 004c | 8954 2408 | 48c7 0424 | ffff ffff 

  0x0000019194c4013c: ;   {runtime_call counter_overflow Runtime1 stub}
  0x0000019194c4013c: e8bf 2152 

  0x0000019194c40140: ; ImmutableOopMap {rdx=Oop r8=Oop r9=Oop [136]=Oop [144]=Oop [152]=Oop }
                      ;*synchronization entry
                      ; - com.google.common.cache.LocalCache$LoadingValueReference::loadFuture@-1 (line 3571)
  0x0000019194c40140: 07e9 b2fa 

  0x0000019194c40144: ;   {runtime_call throw_null_pointer_exception Runtime1 stub}
  0x0000019194c40144: ffff e8b5 

  0x0000019194c40148: ; ImmutableOopMap {rdx=Oop r8=Oop r9=Oop rsi=Oop [128]=Oop [136]=Oop [144]=Oop [152]=Oop }
                      ;*invokevirtual start {reexecute=0 rethrow=0 return_oop=0}
                      ; - com.google.common.cache.LocalCache$LoadingValueReference::loadFuture@4 (line 3571)
                      ;   {runtime_call throw_null_pointer_exception Runtime1 stub}
  0x0000019194c40148: d051 07e8 

  0x0000019194c4014c: ; ImmutableOopMap {rax=Oop rdx=Oop rsi=Oop [136]=Oop }
                      ;*invokevirtual set {reexecute=0 rethrow=0 return_oop=0}
                      ; - com.google.common.cache.LocalCache$LoadingValueReference::set@5 (line 3543)
                      ; - com.google.common.cache.LocalCache$LoadingValueReference::loadFuture@32 (line 3575)
  0x0000019194c4014c: b0d0 5107 

  0x0000019194c40150: ;   {runtime_call throw_null_pointer_exception Runtime1 stub}
  0x0000019194c40150: e8ab d051 

  0x0000019194c40154: ; ImmutableOopMap {r9=Oop r8=Oop rax=Oop [136]=Oop [144]=Oop [152]=Oop }
                      ;*invokevirtual reload {reexecute=0 rethrow=0 return_oop=0}
                      ; - com.google.common.cache.LocalCache$LoadingValueReference::loadFuture@54 (line 3577)
                      ;   {internal_word}
  0x0000019194c40154: 0749 ba6c | fdc3 9491 | 0100 004d | 8997 6004 

  0x0000019194c40164: ;   {runtime_call SafepointBlob}
  0x0000019194c40164: 0000 e995 | 4947 0749 | b800 0000 | 0000 0000 | 00b8 000f 

  0x0000019194c40178: ;   {runtime_call load_appendix_patching Runtime1 stub}
  0x0000019194c40178: 050a e801 

  0x0000019194c4017c: ; ImmutableOopMap {[136]=Oop [168]=Oop }
                      ;*invokedynamic {reexecute=1 rethrow=0 return_oop=0}
                      ; - (reexecute) com.google.common.cache.LocalCache$LoadingValueReference::loadFuture@72 (line 3583)
  0x0000019194c4017c: 1a52 07e9 | 04fc ffff 

  0x0000019194c40184: ;   {internal_word}
  0x0000019194c40184: 49ba ecfd | c394 9101 | 0000 4d89 | 9760 0400 

  0x0000019194c40194: ;   {runtime_call SafepointBlob}
  0x0000019194c40194: 00e9 6649 

  0x0000019194c40198: ;   {internal_word}
  0x0000019194c40198: 4707 49ba | 32fe c394 | 9101 0000 | 4d89 9760 

  0x0000019194c401a8: ;   {runtime_call SafepointBlob}
  0x0000019194c401a8: 0400 00e9 | 5049 4707 

  0x0000019194c401b0: ;   {metadata(nullptr)}
  0x0000019194c401b0: 48ba 0000 | 0000 0000 | 0000 b800 

  0x0000019194c401bc: ;   {runtime_call load_klass_patching Runtime1 stub}
  0x0000019194c401bc: 0f05 0ae8 

  0x0000019194c401c0: ; ImmutableOopMap {[136]=Oop [144]=Oop [152]=Oop }
                      ;*new {reexecute=1 rethrow=0 return_oop=0}
                      ; - (reexecute) com.google.common.base.Preconditions::checkNotNull@4 (line 904)
                      ; - com.google.common.cache.CacheLoader::reload@6 (line 99)
                      ; - com.google.common.cache.LocalCache$LoadingValueReference::loadFuture@54 (line 3577)
  0x0000019194c401c0: bc10 5207 | e977 fcff | ff48 8bd2 

  0x0000019194c401cc: ;   {runtime_call fast_new_instance Runtime1 stub}
  0x0000019194c401cc: e82f d951 

  0x0000019194c401d0: ; ImmutableOopMap {[136]=Oop [144]=Oop [152]=Oop }
                      ;*new {reexecute=0 rethrow=0 return_oop=0}
                      ; - com.google.common.base.Preconditions::checkNotNull@4 (line 904)
                      ; - com.google.common.cache.CacheLoader::reload@6 (line 99)
                      ; - com.google.common.cache.LocalCache$LoadingValueReference::loadFuture@54 (line 3577)
  0x0000019194c401d0: 07e9 c6fc 

  0x0000019194c401d4: ;   {metadata(nullptr)}
  0x0000019194c401d4: ffff 48ba | 0000 0000 | 0000 0000 | b800 0f05 

  0x0000019194c401e4: ;   {runtime_call load_klass_patching Runtime1 stub}
  0x0000019194c401e4: 0ae8 9610 

  0x0000019194c401e8: ; ImmutableOopMap {[136]=Oop [144]=Oop [152]=Oop [200]=Oop }
                      ;*new {reexecute=1 rethrow=0 return_oop=0}
                      ; - (reexecute) com.google.common.base.Preconditions::checkNotNull@4 (line 904)
                      ; - com.google.common.cache.CacheLoader::reload@1 (line 98)
                      ; - com.google.common.cache.LocalCache$LoadingValueReference::loadFuture@54 (line 3577)
  0x0000019194c401e8: 5207 e9e9 | fcff ff48 

  0x0000019194c401f0: ;   {runtime_call fast_new_instance Runtime1 stub}
  0x0000019194c401f0: 8bd2 e809 

  0x0000019194c401f4: ; ImmutableOopMap {[136]=Oop [144]=Oop [152]=Oop [200]=Oop }
                      ;*new {reexecute=0 rethrow=0 return_oop=0}
                      ; - com.google.common.base.Preconditions::checkNotNull@4 (line 904)
                      ; - com.google.common.cache.CacheLoader::reload@1 (line 98)
                      ; - com.google.common.cache.LocalCache$LoadingValueReference::loadFuture@54 (line 3577)
  0x0000019194c401f4: d951 07e9 | 38fd ffff 

  0x0000019194c401fc: ;   {metadata(nullptr)}
  0x0000019194c401fc: 48ba 0000 | 0000 0000 | 0000 b800 

  0x0000019194c40208: ;   {runtime_call load_klass_patching Runtime1 stub}
  0x0000019194c40208: 0f05 0ae8 

  0x0000019194c4020c: ; ImmutableOopMap {[128]=Oop [136]=Oop [144]=Oop [152]=Oop }
                      ;*new {reexecute=1 rethrow=0 return_oop=0}
                      ; - (reexecute) com.google.common.base.Preconditions::checkState@4 (line 513)
                      ; - com.google.common.base.Stopwatch::start@14 (line 166)
                      ; - com.google.common.cache.LocalCache$LoadingValueReference::loadFuture@4 (line 3571)
  0x0000019194c4020c: 7010 5207 | e953 fdff 

  0x0000019194c40214: ;   {runtime_call throw_null_pointer_exception Runtime1 stub}
  0x0000019194c40214: ffe8 e6cf 

  0x0000019194c40218: ; ImmutableOopMap {[128]=Oop [136]=Oop [144]=Oop [152]=Oop }
                      ;*new {reexecute=0 rethrow=0 return_oop=0}
                      ; - com.google.common.base.Preconditions::checkState@4 (line 513)
                      ; - com.google.common.base.Stopwatch::start@14 (line 166)
                      ; - com.google.common.cache.LocalCache$LoadingValueReference::loadFuture@4 (line 3571)
  0x0000019194c40218: 5107 488b 

  0x0000019194c4021c: ;   {runtime_call fast_new_instance_init_check Runtime1 stub}
  0x0000019194c4021c: d2e8 dedb 

  0x0000019194c40220: ; ImmutableOopMap {[128]=Oop [136]=Oop [144]=Oop [152]=Oop }
                      ;*new {reexecute=0 rethrow=0 return_oop=0}
                      ; - com.google.common.base.Preconditions::checkState@4 (line 513)
                      ; - com.google.common.base.Stopwatch::start@14 (line 166)
                      ; - com.google.common.cache.LocalCache$LoadingValueReference::loadFuture@4 (line 3571)
  0x0000019194c40220: 5107 e9a6 

  0x0000019194c40224: ;   {runtime_call throw_null_pointer_exception Runtime1 stub}
  0x0000019194c40224: fdff ffe8 

  0x0000019194c40228: ; ImmutableOopMap {rdx=Oop rax=Oop rsi=Oop [136]=Oop }
                      ;*invokevirtual setException {reexecute=0 rethrow=0 return_oop=0}
                      ; - com.google.common.cache.LocalCache$LoadingValueReference::setException@5 (line 3548)
                      ; - com.google.common.cache.LocalCache$LoadingValueReference::loadFuture@87 (line 3591)
  0x0000019194c40228: d4cf 5107 

  0x0000019194c4022c: ;   {runtime_call throw_null_pointer_exception Runtime1 stub}
  0x0000019194c4022c: e8cf cf51 

  0x0000019194c40230: ; ImmutableOopMap {rsi=Oop [224]=Oop }
                      ;*invokevirtual interrupt {reexecute=0 rethrow=0 return_oop=0}
                      ; - com.google.common.cache.LocalCache$LoadingValueReference::loadFuture@117 (line 3593)
                      ;   {internal_word}
  0x0000019194c40230: 0749 ba17 | 01c4 9491 | 0100 004d | 8997 6004 

  0x0000019194c40240: ;   {runtime_call SafepointBlob}
  0x0000019194c40240: 0000 e9b9 | 4847 0749 | 8b87 f804 | 0000 49c7 | 87f8 0400 | 0000 0000 | 0049 c787 | 0005 0000 
  0x0000019194c40260: 0000 0000 | 4881 c4f0 | 0000 005d 

  0x0000019194c4026c: ;   {runtime_call unwind_exception Runtime1 stub}
  0x0000019194c4026c: e98f c051 | 07f4 f4f4 | f4f4 f4f4 
[Stub Code]
  0x0000019194c40278: ;   {no_reloc}
  0x0000019194c40278: 0f1f 4400 

  0x0000019194c4027c: ;   {static_stub}
  0x0000019194c4027c: 0048 bb00 | 0000 0000 

  0x0000019194c40284: ;   {runtime_call nmethod}
  0x0000019194c40284: 0000 00e9 | fbff ffff 

  0x0000019194c4028c: ;   {static_stub}
  0x0000019194c4028c: 9048 bb00 | 0000 0000 

  0x0000019194c40294: ;   {runtime_call nmethod}
  0x0000019194c40294: 0000 00e9 | fbff ffff 

  0x0000019194c4029c: ;   {static_stub}
  0x0000019194c4029c: 9048 bb00 | 0000 0000 

  0x0000019194c402a4: ;   {runtime_call nmethod}
  0x0000019194c402a4: 0000 00e9 | fbff ffff 

  0x0000019194c402ac: ;   {static_stub}
  0x0000019194c402ac: 9048 bb00 | 0000 0000 

  0x0000019194c402b4: ;   {runtime_call nmethod}
  0x0000019194c402b4: 0000 00e9 | fbff ffff 

  0x0000019194c402bc: ;   {static_stub}
  0x0000019194c402bc: 9048 bb00 | 0000 0000 

  0x0000019194c402c4: ;   {runtime_call nmethod}
  0x0000019194c402c4: 0000 00e9 | fbff ffff 

  0x0000019194c402cc: ;   {static_stub}
  0x0000019194c402cc: 9048 bb00 | 0000 0000 

  0x0000019194c402d4: ;   {runtime_call nmethod}
  0x0000019194c402d4: 0000 00e9 | fbff ffff 

  0x0000019194c402dc: ;   {static_stub}
  0x0000019194c402dc: 9048 bb00 | 0000 0000 

  0x0000019194c402e4: ;   {runtime_call nmethod}
  0x0000019194c402e4: 0000 00e9 | fbff ffff 

  0x0000019194c402ec: ;   {static_stub}
  0x0000019194c402ec: 9048 bb00 | 0000 0000 

  0x0000019194c402f4: ;   {runtime_call nmethod}
  0x0000019194c402f4: 0000 00e9 | fbff ffff 

  0x0000019194c402fc: ;   {static_stub}
  0x0000019194c402fc: 9048 bb00 | 0000 0000 

  0x0000019194c40304: ;   {runtime_call nmethod}
  0x0000019194c40304: 0000 00e9 | fbff ffff 

  0x0000019194c4030c: ;   {static_stub}
  0x0000019194c4030c: 9048 bb00 | 0000 0000 

  0x0000019194c40314: ;   {runtime_call nmethod}
  0x0000019194c40314: 0000 00e9 | fbff ffff 

  0x0000019194c4031c: ;   {static_stub}
  0x0000019194c4031c: 9048 bb00 | 0000 0000 

  0x0000019194c40324: ;   {runtime_call nmethod}
  0x0000019194c40324: 0000 00e9 | fbff ffff 

  0x0000019194c4032c: ;   {static_stub}
  0x0000019194c4032c: 9048 bb00 | 0000 0000 

  0x0000019194c40334: ;   {runtime_call nmethod}
  0x0000019194c40334: 0000 00e9 | fbff ffff 

  0x0000019194c4033c: ;   {static_stub}
  0x0000019194c4033c: 9048 bb00 | 0000 0000 

  0x0000019194c40344: ;   {runtime_call nmethod}
  0x0000019194c40344: 0000 00e9 | fbff ffff 

  0x0000019194c4034c: ;   {static_stub}
  0x0000019194c4034c: 9048 bb00 | 0000 0000 

  0x0000019194c40354: ;   {runtime_call nmethod}
  0x0000019194c40354: 0000 00e9 | fbff ffff 

  0x0000019194c4035c: ;   {static_stub}
  0x0000019194c4035c: 48bb 0000 | 0000 0000 

  0x0000019194c40364: ;   {runtime_call nmethod}
  0x0000019194c40364: 0000 e9fb 

  0x0000019194c40368: ;   {static_stub}
  0x0000019194c40368: ffff ff48 | bb00 0000 | 0000 0000 

  0x0000019194c40374: ;   {runtime_call nmethod}
  0x0000019194c40374: 00e9 fbff 

  0x0000019194c40378: ;   {runtime_call handle_exception_from_callee Runtime1 stub}
  0x0000019194c40378: ffff e881 

  0x0000019194c4037c: ;   {external_word}
  0x0000019194c4037c: ec51 0748 | b990 7f6c | 9dff 7f00 | 0048 83e4 

  0x0000019194c4038c: ;   {runtime_call}
  0x0000019194c4038c: f048 b8f0 | 422f 9dff | 7f00 00ff 

  0x0000019194c40398: ;   {section_word}
  0x0000019194c40398: d0f4 49ba | 9a03 c494 | 9101 0000 

  0x0000019194c403a4: ;   {runtime_call DeoptimizationBlob}
  0x0000019194c403a4: 4152 e9f5 | 3947 07f4 | f4f4 f4f4 
[/MachCode]


---------------  P R O C E S S  ---------------

Threads class SMR info:
_java_thread_list=0x00000191f0bc21a0, length=43, elements={
0x000001918f5a6f20, 0x00000191a5d1d3f0, 0x00000191a5d1e890, 0x00000191a5d222a0,
0x00000191a5d252e0, 0x00000191a5d25d30, 0x00000191a5d26780, 0x00000191a5d275b0,
0x00000191a5d293f0, 0x00000191e8316b30, 0x00000191e859ada0, 0x00000191e9734150,
0x00000191e97368b0, 0x00000191e9736f40, 0x00000191e9735500, 0x00000191ee346600,
0x00000191ee346c90, 0x00000191ee342af0, 0x00000191ee340a20, 0x00000191ee3410b0,
0x00000191ee342460, 0x00000191ee341740, 0x00000191ee343180, 0x00000191ef874d60,
0x00000191ee345250, 0x00000191ee343810, 0x00000191ee343ea0, 0x00000191ee341dd0,
0x00000191ee3479b0, 0x00000191ee344530, 0x00000191ee3458e0, 0x00000191ee344bc0,
0x00000191ee348040, 0x00000191ee345f70, 0x00000191e9736220, 0x00000191e9733ac0,
0x00000191e97347e0, 0x00000191e9734e70, 0x00000191e9735b90, 0x00000191eeddb140,
0x00000191eeddc4f0, 0x00000191eede0690, 0x00000191eedd9700
}

Java Threads: ( => current thread )
  0x000001918f5a6f20 JavaThread "main"                              [_thread_blocked, id=24224, stack(0x0000005e0cc00000,0x0000005e0cd00000) (1024K)]
  0x00000191a5d1d3f0 JavaThread "Reference Handler"          daemon [_thread_blocked, id=11352, stack(0x0000005e0d000000,0x0000005e0d100000) (1024K)]
  0x00000191a5d1e890 JavaThread "Finalizer"                  daemon [_thread_blocked, id=5868, stack(0x0000005e0d100000,0x0000005e0d200000) (1024K)]
  0x00000191a5d222a0 JavaThread "Signal Dispatcher"          daemon [_thread_blocked, id=20128, stack(0x0000005e0d200000,0x0000005e0d300000) (1024K)]
  0x00000191a5d252e0 JavaThread "Attach Listener"            daemon [_thread_blocked, id=4652, stack(0x0000005e0d300000,0x0000005e0d400000) (1024K)]
  0x00000191a5d25d30 JavaThread "Service Thread"             daemon [_thread_blocked, id=3496, stack(0x0000005e0d400000,0x0000005e0d500000) (1024K)]
  0x00000191a5d26780 JavaThread "Monitor Deflation Thread"   daemon [_thread_blocked, id=23060, stack(0x0000005e0d500000,0x0000005e0d600000) (1024K)]
  0x00000191a5d275b0 JavaThread "C2 CompilerThread0"         daemon [_thread_blocked, id=25580, stack(0x0000005e0d600000,0x0000005e0d700000) (1024K)]
  0x00000191a5d293f0 JavaThread "C1 CompilerThread0"         daemon [_thread_in_vm, id=12028, stack(0x0000005e0d700000,0x0000005e0d800000) (1024K)]
  0x00000191e8316b30 JavaThread "Common-Cleaner"             daemon [_thread_blocked, id=18880, stack(0x0000005e0d800000,0x0000005e0d900000) (1024K)]
  0x00000191e859ada0 JavaThread "Notification Thread"        daemon [_thread_blocked, id=13088, stack(0x0000005e0d900000,0x0000005e0da00000) (1024K)]
  0x00000191e9734150 JavaThread "Active Thread: Equinox Container: 05696171-5be3-41d3-926e-17c5de4d525d"        [_thread_blocked, id=10816, stack(0x0000005e0e600000,0x0000005e0e700000) (1024K)]
  0x00000191e97368b0 JavaThread "Framework Event Dispatcher: Equinox Container: 05696171-5be3-41d3-926e-17c5de4d525d" daemon [_thread_blocked, id=7020, stack(0x0000005e0e700000,0x0000005e0e800000) (1024K)]
  0x00000191e9736f40 JavaThread "Start Level: Equinox Container: 05696171-5be3-41d3-926e-17c5de4d525d" daemon [_thread_blocked, id=22400, stack(0x0000005e0e800000,0x0000005e0e900000) (1024K)]
  0x00000191e9735500 JavaThread "Refresh Thread: Equinox Container: 05696171-5be3-41d3-926e-17c5de4d525d" daemon [_thread_blocked, id=8116, stack(0x0000005e0da00000,0x0000005e0db00000) (1024K)]
  0x00000191ee346600 JavaThread "Bundle File Closer"         daemon [_thread_blocked, id=21596, stack(0x0000005e0e100000,0x0000005e0e200000) (1024K)]
  0x00000191ee346c90 JavaThread "SCR Component Actor"        daemon [_thread_blocked, id=9800, stack(0x0000005e0e400000,0x0000005e0e500000) (1024K)]
  0x00000191ee342af0 JavaThread "Worker-JM"                         [_thread_blocked, id=16912, stack(0x0000005e0ea00000,0x0000005e0eb00000) (1024K)]
=>0x00000191ee340a20 JavaThread "Worker-0: Repository registry initialization"        [_thread_in_vm, id=23516, stack(0x0000005e0eb00000,0x0000005e0ec00000) (1024K)]
  0x00000191ee3410b0 JavaThread "Worker-1: Updating Maven Dependencies"        [_thread_blocked, id=16156, stack(0x0000005e0ec00000,0x0000005e0ed00000) (1024K)]
  0x00000191ee342460 JavaThread "Worker-2: Initialize After Load"        [_thread_blocked, id=25076, stack(0x0000005e0ed00000,0x0000005e0ee00000) (1024K)]
  0x00000191ee341740 JavaThread "Worker-3: Loading available Gradle versions"        [_thread_in_vm, id=4784, stack(0x0000005e0ee00000,0x0000005e0ef00000) (1024K)]
  0x00000191ee343180 JavaThread "Java indexing"              daemon [_thread_blocked, id=1684, stack(0x0000005e0f000000,0x0000005e0f100000) (1024K)]
  0x00000191ef874d60 JavaThread "C2 CompilerThread1"         daemon [_thread_in_native, id=5712, stack(0x0000005e0ef00000,0x0000005e0f000000) (1024K)]
  0x00000191ee345250 JavaThread "JNA Cleaner"                daemon [_thread_blocked, id=12824, stack(0x0000005e0f100000,0x0000005e0f200000) (1024K)]
  0x00000191ee343810 JavaThread "Worker-4"                          [_thread_blocked, id=23864, stack(0x0000005e0f200000,0x0000005e0f300000) (1024K)]
  0x00000191ee343ea0 JavaThread "Worker-5"                          [_thread_blocked, id=4024, stack(0x0000005e0f300000,0x0000005e0f400000) (1024K)]
  0x00000191ee341dd0 JavaThread "Thread-2"                   daemon [_thread_in_native, id=20084, stack(0x0000005e0f400000,0x0000005e0f500000) (1024K)]
  0x00000191ee3479b0 JavaThread "Thread-3"                   daemon [_thread_in_native, id=13152, stack(0x0000005e0f500000,0x0000005e0f600000) (1024K)]
  0x00000191ee344530 JavaThread "Thread-4"                   daemon [_thread_in_native, id=23400, stack(0x0000005e0f600000,0x0000005e0f700000) (1024K)]
  0x00000191ee3458e0 JavaThread "Thread-5"                   daemon [_thread_in_native, id=2096, stack(0x0000005e0f700000,0x0000005e0f800000) (1024K)]
  0x00000191ee344bc0 JavaThread "Thread-6"                   daemon [_thread_in_native, id=20860, stack(0x0000005e0f800000,0x0000005e0f900000) (1024K)]
  0x00000191ee348040 JavaThread "Thread-7"                   daemon [_thread_in_native, id=16336, stack(0x0000005e0f900000,0x0000005e0fa00000) (1024K)]
  0x00000191ee345f70 JavaThread "Thread-8"                   daemon [_thread_in_native, id=22772, stack(0x0000005e0fa00000,0x0000005e0fb00000) (1024K)]
  0x00000191e9736220 JavaThread "Thread-9"                   daemon [_thread_in_native, id=13328, stack(0x0000005e0fb00000,0x0000005e0fc00000) (1024K)]
  0x00000191e9733ac0 JavaThread "Thread-10"                  daemon [_thread_in_native, id=21196, stack(0x0000005e0fc00000,0x0000005e0fd00000) (1024K)]
  0x00000191e97347e0 JavaThread "Thread-11"                  daemon [_thread_in_native, id=11080, stack(0x0000005e0fd00000,0x0000005e0fe00000) (1024K)]
  0x00000191e9734e70 JavaThread "Thread-12"                  daemon [_thread_in_native, id=21576, stack(0x0000005e0fe00000,0x0000005e0ff00000) (1024K)]
  0x00000191e9735b90 JavaThread "Thread-13"                  daemon [_thread_in_native, id=4828, stack(0x0000005e0ff00000,0x0000005e10000000) (1024K)]
  0x00000191eeddb140 JavaThread "Thread-14"                  daemon [_thread_in_native, id=14996, stack(0x0000005e10000000,0x0000005e10100000) (1024K)]
  0x00000191eeddc4f0 JavaThread "pool-2-thread-1"                   [_thread_blocked, id=9212, stack(0x0000005e10100000,0x0000005e10200000) (1024K)]
  0x00000191eede0690 JavaThread "WorkspaceEventsHandler"            [_thread_blocked, id=10492, stack(0x0000005e0e500000,0x0000005e0e600000) (1024K)]
  0x00000191eedd9700 JavaThread "pool-1-thread-1"                   [_thread_blocked, id=9860, stack(0x0000005e10200000,0x0000005e10300000) (1024K)]
Total: 43

Other Threads:
  0x00000191919edbb0 VMThread "VM Thread"                           [id=18636, stack(0x0000005e0cf00000,0x0000005e0d000000) (1024K)]
  0x00000191919bb830 WatcherThread "VM Periodic Task Thread"        [id=4780, stack(0x0000005e0ce00000,0x0000005e0cf00000) (1024K)]
  0x000001919196d150 WorkerThread "GC Thread#0"                     [id=10628, stack(0x0000005e0cd00000,0x0000005e0ce00000) (1024K)]
  0x00000191e94b2a60 WorkerThread "GC Thread#1"                     [id=20580, stack(0x0000005e0db00000,0x0000005e0dc00000) (1024K)]
  0x00000191e94b3200 WorkerThread "GC Thread#2"                     [id=5140, stack(0x0000005e0dc00000,0x0000005e0dd00000) (1024K)]
  0x00000191e94b35a0 WorkerThread "GC Thread#3"                     [id=20896, stack(0x0000005e0dd00000,0x0000005e0de00000) (1024K)]
  0x00000191e94b3940 WorkerThread "GC Thread#4"                     [id=14272, stack(0x0000005e0de00000,0x0000005e0df00000) (1024K)]
  0x00000191e94b3ce0 WorkerThread "GC Thread#5"                     [id=3404, stack(0x0000005e0df00000,0x0000005e0e000000) (1024K)]
  0x00000191e94b4080 WorkerThread "GC Thread#6"                     [id=4408, stack(0x0000005e0e000000,0x0000005e0e100000) (1024K)]
  0x00000191ee0fb7e0 WorkerThread "GC Thread#7"                     [id=16344, stack(0x0000005e0e900000,0x0000005e0ea00000) (1024K)]
  0x00000191ee65c940 WorkerThread "GC Thread#8"                     [id=7836, stack(0x0000005e0e200000,0x0000005e0e300000) (1024K)]
  0x00000191ee65d7c0 WorkerThread "GC Thread#9"                     [id=1616, stack(0x0000005e0e300000,0x0000005e0e400000) (1024K)]
Total: 12

Threads with active compile tasks:
C1 CompilerThread0  51062 6176       3       java.util.regex.Pattern$BnM::optimize (179 bytes)
C2 CompilerThread1  51062 5380   !   4       org.eclipse.osgi.internal.loader.classpath.ClasspathManager::defineClass (636 bytes)
Total: 2

VM state: not at safepoint (normal execution)

VM Mutex/Monitor currently owned by a thread:  ([mutex/lock_event])
[0x00007fff9d97c300] Metaspace_lock - owner thread: 0x00000191ee340a20

Heap address: 0x00000000c0000000, size: 1024 MB, Compressed Oops mode: 32-bit

CDS archive(s) mapped at: [0x00000191a6000000-0x00000191a6ba0000-0x00000191a6ba0000), size 12189696, SharedBaseAddress: 0x00000191a6000000, ArchiveRelocationMode: 1.
Compressed class space mapped at: 0x00000191a7000000-0x00000191e7000000, reserved size: 1073741824
Narrow klass base: 0x00000191a6000000, Narrow klass shift: 0, Narrow klass range: 0x100000000

GC Precious Log:
 CardTable entry size: 512
 CPUs: 12 total, 12 available
 Memory: 7863M
 Large Page Support: Disabled
 NUMA Support: Disabled
 Compressed Oops: Enabled (32-bit)
 Alignments: Space 512K, Generation 512K, Heap 2M
 Heap Min Capacity: 100M
 Heap Initial Capacity: 100M
 Heap Max Capacity: 1G
 Pre-touch: Disabled
 Parallel Workers: 10

Heap:
 PSYoungGen      total 23040K, used 15941K [0x00000000eab00000, 0x00000000ec680000, 0x0000000100000000)
  eden space 20992K, 67% used [0x00000000eab00000,0x00000000eb8c16f0,0x00000000ebf80000)
  from space 2048K, 90% used [0x00000000ebf80000,0x00000000ec150000,0x00000000ec180000)
  to   space 3584K, 0% used [0x00000000ec300000,0x00000000ec300000,0x00000000ec680000)
 ParOldGen       total 68608K, used 23220K [0x00000000c0000000, 0x00000000c4300000, 0x00000000eab00000)
  object space 68608K, 33% used [0x00000000c0000000,0x00000000c16ad2b0,0x00000000c4300000)
 Metaspace       used 45049K, committed 46080K, reserved 1114112K
  class space    used 4786K, committed 5184K, reserved 1048576K

Card table byte_map: [0x00000191912e0000,0x00000191914f0000] _byte_map_base: 0x0000019190ce0000

Marking Bits: (ParMarkBitMap*) 0x00007fff9d983260
 Begin Bits: [0x00000191a3b30000, 0x00000191a4b30000)
 End Bits:   [0x00000191a4b30000, 0x00000191a5b30000)

Polling page: 0x000001918f540000

Metaspace:

Usage:
  Non-class:     39.32 MB used.
      Class:      4.67 MB used.
       Both:     43.99 MB used.

Virtual space:
  Non-class space:       64.00 MB reserved,      39.94 MB ( 62%) committed,  1 nodes.
      Class space:        1.00 GB reserved,       5.06 MB ( <1%) committed,  1 nodes.
             Both:        1.06 GB reserved,      45.00 MB (  4%) committed. 

Chunk freelists:
   Non-Class:  7.78 MB
       Class:  10.92 MB
        Both:  18.70 MB

MaxMetaspaceSize: unlimited
CompressedClassSpaceSize: 1.00 GB
Initial GC threshold: 21.00 MB
Current GC threshold: 58.38 MB
CDS: on
 - commit_granule_bytes: 65536.
 - commit_granule_words: 8192.
 - virtual_space_node_default_size: 8388608.
 - enlarge_chunks_in_place: 1.
 - use_allocation_guard: 0.


Internal statistics:

num_allocs_failed_limit: 6.
num_arena_births: 742.
num_arena_deaths: 24.
num_vsnodes_births: 2.
num_vsnodes_deaths: 0.
num_space_committed: 720.
num_space_uncommitted: 0.
num_chunks_returned_to_freelist: 32.
num_chunks_taken_from_freelist: 2598.
num_chunk_merges: 12.
num_chunk_splits: 1596.
num_chunks_enlarged: 884.
num_inconsistent_stats: 0.

CodeHeap 'non-profiled nmethods': size=120000Kb used=2613Kb max_used=2657Kb free=117386Kb
 bounds [0x000001919c600000, 0x000001919c8b0000, 0x00000191a3b30000]
CodeHeap 'profiled nmethods': size=120000Kb used=11490Kb max_used=11496Kb free=108509Kb
 bounds [0x0000019194b30000, 0x0000019195670000, 0x000001919c060000]
CodeHeap 'non-nmethods': size=5760Kb used=1387Kb max_used=1403Kb free=4372Kb
 bounds [0x000001919c060000, 0x000001919c2d0000, 0x000001919c600000]
 total_blobs=6176 nmethods=5495 adapters=587
 compilation: enabled
              stopped_count=0, restarted_count=0
 full_count=0

Compilation events (20 events):
Event: 50.716 Thread 0x00000191a5d293f0 nmethod 6161 0x0000019194f94d10 code [0x0000019194f94f00, 0x0000019194f95368]
Event: 50.718 Thread 0x00000191a5d293f0 6162       3       java.lang.AbstractStringBuilder::insert (81 bytes)
Event: 50.719 Thread 0x00000191a5d293f0 nmethod 6162 0x0000019194f93e90 code [0x0000019194f940e0, 0x0000019194f94960]
Event: 50.719 Thread 0x00000191a5d293f0 6164       3       com.google.common.base.Preconditions::checkElementIndex (25 bytes)
Event: 50.720 Thread 0x00000191a5d293f0 nmethod 6164 0x0000019194f93910 code [0x0000019194f93ae0, 0x0000019194f93d40]
Event: 50.720 Thread 0x00000191a5d293f0 6163       1       java.lang.ClassValue$ClassValueMap::getCache (5 bytes)
Event: 50.720 Thread 0x00000191a5d293f0 nmethod 6163 0x000001919c78fa90 code [0x000001919c78fc20, 0x000001919c78fce8]
Event: 50.720 Thread 0x00000191a5d293f0 6165       1       java.lang.ClassValue$Version::promise (5 bytes)
Event: 50.720 Thread 0x00000191a5d293f0 nmethod 6165 0x000001919c660d10 code [0x000001919c660ea0, 0x000001919c660f68]
Event: 50.721 Thread 0x00000191a5d293f0 6166       3       java.lang.ClassValue$Entry::isPromise (14 bytes)
Event: 50.721 Thread 0x00000191a5d293f0 nmethod 6166 0x0000019194f93590 code [0x0000019194f93720, 0x0000019194f93880]
Event: 50.722 Thread 0x00000191a5d293f0 6167       3       java.util.TreeMap::addEntryToEmptyMap (37 bytes)
Event: 50.722 Thread 0x00000191a5d293f0 nmethod 6167 0x0000019194baab10 code [0x0000019194baad00, 0x0000019194bab308]
Event: 50.723 Thread 0x00000191a5d293f0 6168       1       com.google.inject.spi.InjectionPoint::getDeclaringType (5 bytes)
Event: 50.723 Thread 0x00000191a5d293f0 nmethod 6168 0x000001919c660a10 code [0x000001919c660ba0, 0x000001919c660c68]
Event: 50.723 Thread 0x00000191a5d293f0 6169       3       sun.security.util.math.intpoly.IntegerPolynomial$MutableElement::setAdditiveInverse (32 bytes)
Event: 50.723 Thread 0x00000191a5d293f0 nmethod 6169 0x0000019194f93010 code [0x0000019194f931c0, 0x0000019194f93390]
Event: 50.724 Thread 0x00000191a5d293f0 6172       3       sun.security.ec.ECOperations$PointMultiplier::lookup (84 bytes)
Event: 50.724 Thread 0x00000191a5d293f0 nmethod 6172 0x0000019194baa210 code [0x0000019194baa400, 0x0000019194baa8a8]
Event: 50.724 Thread 0x00000191a5d293f0 6171       3       sun.security.ec.ECOperations$PointMultiplier$Default::double4 (32 bytes)

GC Heap History (20 events):
Event: 45.957 GC heap before
{Heap before GC invocations=10 (full 1):
 PSYoungGen      total 28672K, used 24064K [0x00000000eab00000, 0x00000000ece80000, 0x0000000100000000)
  eden space 24064K, 100% used [0x00000000eab00000,0x00000000ec280000,0x00000000ec280000)
  from space 4608K, 0% used [0x00000000ec900000,0x00000000ec900000,0x00000000ecd80000)
  to   space 6144K, 0% used [0x00000000ec280000,0x00000000ec280000,0x00000000ec880000)
 ParOldGen       total 68608K, used 13341K [0x00000000c0000000, 0x00000000c4300000, 0x00000000eab00000)
  object space 68608K, 19% used [0x00000000c0000000,0x00000000c0d075f8,0x00000000c4300000)
 Metaspace       used 23145K, committed 23936K, reserved 1114112K
  class space    used 2183K, committed 2496K, reserved 1048576K
}
Event: 45.958 GC heap after
{Heap after GC invocations=10 (full 1):
 PSYoungGen      total 24064K, used 386K [0x00000000eab00000, 0x00000000ec980000, 0x0000000100000000)
  eden space 23552K, 0% used [0x00000000eab00000,0x00000000eab00000,0x00000000ec200000)
  from space 512K, 75% used [0x00000000ec280000,0x00000000ec2e0a70,0x00000000ec300000)
  to   space 2560K, 0% used [0x00000000ec700000,0x00000000ec700000,0x00000000ec980000)
 ParOldGen       total 68608K, used 13341K [0x00000000c0000000, 0x00000000c4300000, 0x00000000eab00000)
  object space 68608K, 19% used [0x00000000c0000000,0x00000000c0d075f8,0x00000000c4300000)
 Metaspace       used 23145K, committed 23936K, reserved 1114112K
  class space    used 2183K, committed 2496K, reserved 1048576K
}
Event: 46.505 GC heap before
{Heap before GC invocations=11 (full 1):
 PSYoungGen      total 24064K, used 23930K [0x00000000eab00000, 0x00000000ec980000, 0x0000000100000000)
  eden space 23552K, 99% used [0x00000000eab00000,0x00000000ec1fe078,0x00000000ec200000)
  from space 512K, 75% used [0x00000000ec280000,0x00000000ec2e0a70,0x00000000ec300000)
  to   space 2560K, 0% used [0x00000000ec700000,0x00000000ec700000,0x00000000ec980000)
 ParOldGen       total 68608K, used 13341K [0x00000000c0000000, 0x00000000c4300000, 0x00000000eab00000)
  object space 68608K, 19% used [0x00000000c0000000,0x00000000c0d075f8,0x00000000c4300000)
 Metaspace       used 26413K, committed 27200K, reserved 1114112K
  class space    used 2536K, committed 2816K, reserved 1048576K
}
Event: 46.507 GC heap after
{Heap after GC invocations=11 (full 1):
 PSYoungGen      total 24064K, used 723K [0x00000000eab00000, 0x00000000ec800000, 0x0000000100000000)
  eden space 23040K, 0% used [0x00000000eab00000,0x00000000eab00000,0x00000000ec180000)
  from space 1024K, 70% used [0x00000000ec700000,0x00000000ec7b4e70,0x00000000ec800000)
  to   space 1024K, 0% used [0x00000000ec600000,0x00000000ec600000,0x00000000ec700000)
 ParOldGen       total 68608K, used 13349K [0x00000000c0000000, 0x00000000c4300000, 0x00000000eab00000)
  object space 68608K, 19% used [0x00000000c0000000,0x00000000c0d095f8,0x00000000c4300000)
 Metaspace       used 26413K, committed 27200K, reserved 1114112K
  class space    used 2536K, committed 2816K, reserved 1048576K
}
Event: 47.176 GC heap before
{Heap before GC invocations=12 (full 1):
 PSYoungGen      total 24064K, used 23763K [0x00000000eab00000, 0x00000000ec800000, 0x0000000100000000)
  eden space 23040K, 100% used [0x00000000eab00000,0x00000000ec180000,0x00000000ec180000)
  from space 1024K, 70% used [0x00000000ec700000,0x00000000ec7b4e70,0x00000000ec800000)
  to   space 1024K, 0% used [0x00000000ec600000,0x00000000ec600000,0x00000000ec700000)
 ParOldGen       total 68608K, used 13349K [0x00000000c0000000, 0x00000000c4300000, 0x00000000eab00000)
  object space 68608K, 19% used [0x00000000c0000000,0x00000000c0d095f8,0x00000000c4300000)
 Metaspace       used 28077K, committed 28992K, reserved 1114112K
  class space    used 2738K, committed 3136K, reserved 1048576K
}
Event: 47.180 GC heap after
{Heap after GC invocations=12 (full 1):
 PSYoungGen      total 23552K, used 654K [0x00000000eab00000, 0x00000000ec780000, 0x0000000100000000)
  eden space 22528K, 0% used [0x00000000eab00000,0x00000000eab00000,0x00000000ec100000)
  from space 1024K, 63% used [0x00000000ec600000,0x00000000ec6a3890,0x00000000ec700000)
  to   space 512K, 0% used [0x00000000ec700000,0x00000000ec700000,0x00000000ec780000)
 ParOldGen       total 68608K, used 15344K [0x00000000c0000000, 0x00000000c4300000, 0x00000000eab00000)
  object space 68608K, 22% used [0x00000000c0000000,0x00000000c0efc018,0x00000000c4300000)
 Metaspace       used 28077K, committed 28992K, reserved 1114112K
  class space    used 2738K, committed 3136K, reserved 1048576K
}
Event: 47.860 GC heap before
{Heap before GC invocations=13 (full 1):
 PSYoungGen      total 23552K, used 23182K [0x00000000eab00000, 0x00000000ec780000, 0x0000000100000000)
  eden space 22528K, 100% used [0x00000000eab00000,0x00000000ec100000,0x00000000ec100000)
  from space 1024K, 63% used [0x00000000ec600000,0x00000000ec6a3890,0x00000000ec700000)
  to   space 512K, 0% used [0x00000000ec700000,0x00000000ec700000,0x00000000ec780000)
 ParOldGen       total 68608K, used 15358K [0x00000000c0000000, 0x00000000c4300000, 0x00000000eab00000)
  object space 68608K, 22% used [0x00000000c0000000,0x00000000c0effad8,0x00000000c4300000)
 Metaspace       used 29551K, committed 30464K, reserved 1114112K
  class space    used 2901K, committed 3264K, reserved 1048576K
}
Event: 47.862 GC heap after
{Heap after GC invocations=13 (full 1):
 PSYoungGen      total 23040K, used 492K [0x00000000eab00000, 0x00000000ec780000, 0x0000000100000000)
  eden space 22528K, 0% used [0x00000000eab00000,0x00000000eab00000,0x00000000ec100000)
  from space 512K, 96% used [0x00000000ec700000,0x00000000ec77b0b0,0x00000000ec780000)
  to   space 2048K, 0% used [0x00000000ec380000,0x00000000ec380000,0x00000000ec580000)
 ParOldGen       total 68608K, used 16351K [0x00000000c0000000, 0x00000000c4300000, 0x00000000eab00000)
  object space 68608K, 23% used [0x00000000c0000000,0x00000000c0ff7df8,0x00000000c4300000)
 Metaspace       used 29551K, committed 30464K, reserved 1114112K
  class space    used 2901K, committed 3264K, reserved 1048576K
}
Event: 48.592 GC heap before
{Heap before GC invocations=14 (full 1):
 PSYoungGen      total 23040K, used 23020K [0x00000000eab00000, 0x00000000ec780000, 0x0000000100000000)
  eden space 22528K, 100% used [0x00000000eab00000,0x00000000ec100000,0x00000000ec100000)
  from space 512K, 96% used [0x00000000ec700000,0x00000000ec77b0b0,0x00000000ec780000)
  to   space 2048K, 0% used [0x00000000ec380000,0x00000000ec380000,0x00000000ec580000)
 ParOldGen       total 68608K, used 16367K [0x00000000c0000000, 0x00000000c4300000, 0x00000000eab00000)
  object space 68608K, 23% used [0x00000000c0000000,0x00000000c0ffbe78,0x00000000c4300000)
 Metaspace       used 32428K, committed 33344K, reserved 1114112K
  class space    used 3221K, committed 3584K, reserved 1048576K
}
Event: 48.595 GC heap after
{Heap after GC invocations=14 (full 1):
 PSYoungGen      total 24064K, used 1099K [0x00000000eab00000, 0x00000000ec780000, 0x0000000100000000)
  eden space 22016K, 0% used [0x00000000eab00000,0x00000000eab00000,0x00000000ec080000)
  from space 2048K, 53% used [0x00000000ec380000,0x00000000ec492ec0,0x00000000ec580000)
  to   space 1536K, 0% used [0x00000000ec600000,0x00000000ec600000,0x00000000ec780000)
 ParOldGen       total 68608K, used 16849K [0x00000000c0000000, 0x00000000c4300000, 0x00000000eab00000)
  object space 68608K, 24% used [0x00000000c0000000,0x00000000c10744e0,0x00000000c4300000)
 Metaspace       used 32428K, committed 33344K, reserved 1114112K
  class space    used 3221K, committed 3584K, reserved 1048576K
}
Event: 49.080 GC heap before
{Heap before GC invocations=15 (full 1):
 PSYoungGen      total 24064K, used 19777K [0x00000000eab00000, 0x00000000ec780000, 0x0000000100000000)
  eden space 22016K, 84% used [0x00000000eab00000,0x00000000ebd3d638,0x00000000ec080000)
  from space 2048K, 53% used [0x00000000ec380000,0x00000000ec492ec0,0x00000000ec580000)
  to   space 1536K, 0% used [0x00000000ec600000,0x00000000ec600000,0x00000000ec780000)
 ParOldGen       total 68608K, used 16849K [0x00000000c0000000, 0x00000000c4300000, 0x00000000eab00000)
  object space 68608K, 24% used [0x00000000c0000000,0x00000000c10744e0,0x00000000c4300000)
 Metaspace       used 34888K, committed 35840K, reserved 1114112K
  class space    used 3517K, committed 3904K, reserved 1048576K
}
Event: 49.083 GC heap after
{Heap after GC invocations=15 (full 1):
 PSYoungGen      total 23552K, used 1072K [0x00000000eab00000, 0x00000000ec780000, 0x0000000100000000)
  eden space 22016K, 0% used [0x00000000eab00000,0x00000000eab00000,0x00000000ec080000)
  from space 1536K, 69% used [0x00000000ec600000,0x00000000ec70c3c8,0x00000000ec780000)
  to   space 1536K, 0% used [0x00000000ec480000,0x00000000ec480000,0x00000000ec600000)
 ParOldGen       total 68608K, used 17696K [0x00000000c0000000, 0x00000000c4300000, 0x00000000eab00000)
  object space 68608K, 25% used [0x00000000c0000000,0x00000000c1148050,0x00000000c4300000)
 Metaspace       used 34888K, committed 35840K, reserved 1114112K
  class space    used 3517K, committed 3904K, reserved 1048576K
}
Event: 49.083 GC heap before
{Heap before GC invocations=16 (full 2):
 PSYoungGen      total 23552K, used 1072K [0x00000000eab00000, 0x00000000ec780000, 0x0000000100000000)
  eden space 22016K, 0% used [0x00000000eab00000,0x00000000eab00000,0x00000000ec080000)
  from space 1536K, 69% used [0x00000000ec600000,0x00000000ec70c3c8,0x00000000ec780000)
  to   space 1536K, 0% used [0x00000000ec480000,0x00000000ec480000,0x00000000ec600000)
 ParOldGen       total 68608K, used 17696K [0x00000000c0000000, 0x00000000c4300000, 0x00000000eab00000)
  object space 68608K, 25% used [0x00000000c0000000,0x00000000c1148050,0x00000000c4300000)
 Metaspace       used 34888K, committed 35840K, reserved 1114112K
  class space    used 3517K, committed 3904K, reserved 1048576K
}
Event: 49.141 GC heap after
{Heap after GC invocations=16 (full 2):
 PSYoungGen      total 23552K, used 0K [0x00000000eab00000, 0x00000000ec780000, 0x0000000100000000)
  eden space 22016K, 0% used [0x00000000eab00000,0x00000000eab00000,0x00000000ec080000)
  from space 1536K, 0% used [0x00000000ec600000,0x00000000ec600000,0x00000000ec780000)
  to   space 1536K, 0% used [0x00000000ec480000,0x00000000ec480000,0x00000000ec600000)
 ParOldGen       total 68608K, used 17300K [0x00000000c0000000, 0x00000000c4300000, 0x00000000eab00000)
  object space 68608K, 25% used [0x00000000c0000000,0x00000000c10e5360,0x00000000c4300000)
 Metaspace       used 34879K, committed 35840K, reserved 1114112K
  class space    used 3514K, committed 3904K, reserved 1048576K
}
Event: 49.578 GC heap before
{Heap before GC invocations=17 (full 2):
 PSYoungGen      total 23552K, used 22016K [0x00000000eab00000, 0x00000000ec780000, 0x0000000100000000)
  eden space 22016K, 100% used [0x00000000eab00000,0x00000000ec080000,0x00000000ec080000)
  from space 1536K, 0% used [0x00000000ec600000,0x00000000ec600000,0x00000000ec780000)
  to   space 1536K, 0% used [0x00000000ec480000,0x00000000ec480000,0x00000000ec600000)
 ParOldGen       total 68608K, used 17300K [0x00000000c0000000, 0x00000000c4300000, 0x00000000eab00000)
  object space 68608K, 25% used [0x00000000c0000000,0x00000000c10e5360,0x00000000c4300000)
 Metaspace       used 37605K, committed 38656K, reserved 1114112K
  class space    used 3843K, committed 4224K, reserved 1048576K
}
Event: 49.581 GC heap after
{Heap after GC invocations=17 (full 2):
 PSYoungGen      total 23552K, used 1524K [0x00000000eab00000, 0x00000000ec680000, 0x0000000100000000)
  eden space 22016K, 0% used [0x00000000eab00000,0x00000000eab00000,0x00000000ec080000)
  from space 1536K, 99% used [0x00000000ec480000,0x00000000ec5fd128,0x00000000ec600000)
  to   space 512K, 0% used [0x00000000ec600000,0x00000000ec600000,0x00000000ec680000)
 ParOldGen       total 68608K, used 17372K [0x00000000c0000000, 0x00000000c4300000, 0x00000000eab00000)
  object space 68608K, 25% used [0x00000000c0000000,0x00000000c10f7370,0x00000000c4300000)
 Metaspace       used 37605K, committed 38656K, reserved 1114112K
  class space    used 3843K, committed 4224K, reserved 1048576K
}
Event: 49.986 GC heap before
{Heap before GC invocations=18 (full 2):
 PSYoungGen      total 23552K, used 23532K [0x00000000eab00000, 0x00000000ec680000, 0x0000000100000000)
  eden space 22016K, 99% used [0x00000000eab00000,0x00000000ec07e268,0x00000000ec080000)
  from space 1536K, 99% used [0x00000000ec480000,0x00000000ec5fd128,0x00000000ec600000)
  to   space 512K, 0% used [0x00000000ec600000,0x00000000ec600000,0x00000000ec680000)
 ParOldGen       total 68608K, used 17372K [0x00000000c0000000, 0x00000000c4300000, 0x00000000eab00000)
  object space 68608K, 25% used [0x00000000c0000000,0x00000000c10f7370,0x00000000c4300000)
 Metaspace       used 40021K, committed 41088K, reserved 1114112K
  class space    used 4137K, committed 4544K, reserved 1048576K
}
Event: 49.991 GC heap after
{Heap after GC invocations=18 (full 2):
 PSYoungGen      total 21504K, used 512K [0x00000000eab00000, 0x00000000ecd80000, 0x0000000100000000)
  eden space 20992K, 0% used [0x00000000eab00000,0x00000000eab00000,0x00000000ebf80000)
  from space 512K, 100% used [0x00000000ec600000,0x00000000ec680000,0x00000000ec680000)
  to   space 6656K, 0% used [0x00000000ebf80000,0x00000000ebf80000,0x00000000ec600000)
 ParOldGen       total 68608K, used 22724K [0x00000000c0000000, 0x00000000c4300000, 0x00000000eab00000)
  object space 68608K, 33% used [0x00000000c0000000,0x00000000c16312a0,0x00000000c4300000)
 Metaspace       used 40021K, committed 41088K, reserved 1114112K
  class space    used 4137K, committed 4544K, reserved 1048576K
}
Event: 50.317 GC heap before
{Heap before GC invocations=19 (full 2):
 PSYoungGen      total 21504K, used 21504K [0x00000000eab00000, 0x00000000ecd80000, 0x0000000100000000)
  eden space 20992K, 100% used [0x00000000eab00000,0x00000000ebf80000,0x00000000ebf80000)
  from space 512K, 100% used [0x00000000ec600000,0x00000000ec680000,0x00000000ec680000)
  to   space 6656K, 0% used [0x00000000ebf80000,0x00000000ebf80000,0x00000000ec600000)
 ParOldGen       total 68608K, used 22724K [0x00000000c0000000, 0x00000000c4300000, 0x00000000eab00000)
  object space 68608K, 33% used [0x00000000c0000000,0x00000000c16312a0,0x00000000c4300000)
 Metaspace       used 43116K, committed 44160K, reserved 1114112K
  class space    used 4506K, committed 4928K, reserved 1048576K
}
Event: 50.321 GC heap after
{Heap after GC invocations=19 (full 2):
 PSYoungGen      total 23040K, used 1856K [0x00000000eab00000, 0x00000000ec680000, 0x0000000100000000)
  eden space 20992K, 0% used [0x00000000eab00000,0x00000000eab00000,0x00000000ebf80000)
  from space 2048K, 90% used [0x00000000ebf80000,0x00000000ec150000,0x00000000ec180000)
  to   space 3584K, 0% used [0x00000000ec300000,0x00000000ec300000,0x00000000ec680000)
 ParOldGen       total 68608K, used 23220K [0x00000000c0000000, 0x00000000c4300000, 0x00000000eab00000)
  object space 68608K, 33% used [0x00000000c0000000,0x00000000c16ad2b0,0x00000000c4300000)
 Metaspace       used 43116K, committed 44160K, reserved 1114112K
  class space    used 4506K, committed 4928K, reserved 1048576K
}

Dll operation events (14 events):
Event: 0.047 Loaded shared library c:\Users\Prince Jain\.vscode\extensions\redhat.java-1.40.0-win32-x64\jre\21.0.6-win32-x86_64\bin\java.dll
Event: 0.385 Loaded shared library c:\Users\Prince Jain\.vscode\extensions\redhat.java-1.40.0-win32-x64\jre\21.0.6-win32-x86_64\bin\zip.dll
Event: 0.459 Loaded shared library C:\Users\Prince Jain\.vscode\extensions\redhat.java-1.40.0-win32-x64\jre\21.0.6-win32-x86_64\bin\instrument.dll
Event: 0.502 Loaded shared library C:\Users\Prince Jain\.vscode\extensions\redhat.java-1.40.0-win32-x64\jre\21.0.6-win32-x86_64\bin\net.dll
Event: 0.509 Loaded shared library C:\Users\Prince Jain\.vscode\extensions\redhat.java-1.40.0-win32-x64\jre\21.0.6-win32-x86_64\bin\nio.dll
Event: 0.518 Loaded shared library C:\Users\Prince Jain\.vscode\extensions\redhat.java-1.40.0-win32-x64\jre\21.0.6-win32-x86_64\bin\zip.dll
Event: 0.610 Loaded shared library C:\Users\Prince Jain\.vscode\extensions\redhat.java-1.40.0-win32-x64\jre\21.0.6-win32-x86_64\bin\jimage.dll
Event: 1.158 Loaded shared library c:\Users\Prince Jain\.vscode\extensions\redhat.java-1.40.0-win32-x64\jre\21.0.6-win32-x86_64\bin\verify.dll
Event: 14.684 Loaded shared library C:\Users\Prince Jain\AppData\Roaming\Code\User\globalStorage\redhat.java\1.40.0\config_win\org.eclipse.equinox.launcher\org.eclipse.equinox.launcher.win32.win32.x86_64_1.2.1200.v20250212-0927\eclipse_11909.dll
Event: 41.504 Loaded shared library C:\Users\Prince Jain\.vscode\extensions\redhat.java-1.40.0-win32-x64\jre\21.0.6-win32-x86_64\bin\management.dll
Event: 41.522 Loaded shared library C:\Users\Prince Jain\.vscode\extensions\redhat.java-1.40.0-win32-x64\jre\21.0.6-win32-x86_64\bin\management_ext.dll
Event: 48.895 Loaded shared library C:\Users\Prince Jain\AppData\Local\Temp\jna--431523565\jna2154690589992138652.dll
Event: 49.239 Loaded shared library C:\Users\Prince Jain\.vscode\extensions\redhat.java-1.40.0-win32-x64\jre\21.0.6-win32-x86_64\bin\sunmscapi.dll
Event: 50.368 Loaded shared library C:\Users\Prince Jain\.vscode\extensions\redhat.java-1.40.0-win32-x64\jre\21.0.6-win32-x86_64\bin\extnet.dll

Deoptimization events (20 events):
Event: 50.531 Thread 0x00000191ee341740 Uncommon trap: trap_request=0xffffffc6 fr.pc=0x000001919c65e918 relative=0x0000000000000538
Event: 50.531 Thread 0x00000191ee341740 Uncommon trap: reason=bimorphic_or_optimized_type_check action=maybe_recompile pc=0x000001919c65e918 method=java.util.ImmutableCollections$MapN.probe(Ljava/lang/Object;)I @ 1 c2
Event: 50.531 Thread 0x00000191ee341740 DEOPT PACKING pc=0x000001919c65e918 sp=0x0000005e0eefda20
Event: 50.531 Thread 0x00000191ee341740 DEOPT UNPACKING pc=0x000001919c0b3aa2 sp=0x0000005e0eefd9c0 mode 2
Event: 50.531 Thread 0x00000191ee341740 Uncommon trap: trap_request=0xffffffc6 fr.pc=0x000001919c65e918 relative=0x0000000000000538
Event: 50.531 Thread 0x00000191ee341740 Uncommon trap: reason=bimorphic_or_optimized_type_check action=maybe_recompile pc=0x000001919c65e918 method=java.util.ImmutableCollections$MapN.probe(Ljava/lang/Object;)I @ 1 c2
Event: 50.531 Thread 0x00000191ee341740 DEOPT PACKING pc=0x000001919c65e918 sp=0x0000005e0eefda20
Event: 50.531 Thread 0x00000191ee341740 DEOPT UNPACKING pc=0x000001919c0b3aa2 sp=0x0000005e0eefd9c0 mode 2
Event: 50.531 Thread 0x00000191ee341740 Uncommon trap: trap_request=0xffffffc6 fr.pc=0x000001919c65e918 relative=0x0000000000000538
Event: 50.531 Thread 0x00000191ee341740 Uncommon trap: reason=bimorphic_or_optimized_type_check action=maybe_recompile pc=0x000001919c65e918 method=java.util.ImmutableCollections$MapN.probe(Ljava/lang/Object;)I @ 1 c2
Event: 50.531 Thread 0x00000191ee341740 DEOPT PACKING pc=0x000001919c65e918 sp=0x0000005e0eefda20
Event: 50.531 Thread 0x00000191ee341740 DEOPT UNPACKING pc=0x000001919c0b3aa2 sp=0x0000005e0eefd9c0 mode 2
Event: 50.533 Thread 0x00000191ee341740 Uncommon trap: trap_request=0xffffffc6 fr.pc=0x000001919c65e918 relative=0x0000000000000538
Event: 50.533 Thread 0x00000191ee341740 Uncommon trap: reason=bimorphic_or_optimized_type_check action=maybe_recompile pc=0x000001919c65e918 method=java.util.ImmutableCollections$MapN.probe(Ljava/lang/Object;)I @ 1 c2
Event: 50.533 Thread 0x00000191ee341740 DEOPT PACKING pc=0x000001919c65e918 sp=0x0000005e0eefda20
Event: 50.533 Thread 0x00000191ee341740 DEOPT UNPACKING pc=0x000001919c0b3aa2 sp=0x0000005e0eefd9c0 mode 2
Event: 50.675 Thread 0x00000191ee340a20 DEOPT PACKING pc=0x0000019194e0f327 sp=0x0000005e0ebfd650
Event: 50.675 Thread 0x00000191ee340a20 DEOPT UNPACKING pc=0x000001919c0b4242 sp=0x0000005e0ebfcb50 mode 0
Event: 50.723 Thread 0x00000191ee341740 DEOPT PACKING pc=0x0000019194dc57a0 sp=0x0000005e0eefd760
Event: 50.723 Thread 0x00000191ee341740 DEOPT UNPACKING pc=0x000001919c0b4242 sp=0x0000005e0eefcc00 mode 0

Classes loaded (20 events):
Event: 50.524 Loading class sun/security/ssl/XDHKeyExchange$1
Event: 50.525 Loading class sun/security/ssl/XDHKeyExchange$1 done
Event: 50.525 Loading class sun/security/ssl/KeyShareExtension$KeyShareEntry
Event: 50.526 Loading class sun/security/ssl/KeyShareExtension$KeyShareEntry done
Event: 50.526 Loading class sun/security/ssl/ECDHKeyExchange$ECDHEPossession
Event: 50.527 Loading class sun/security/ssl/ECDHKeyExchange$ECDHEPossession done
Event: 50.529 Loading class sun/security/util/math/intpoly/IntegerPolynomialP384
Event: 50.530 Loading class sun/security/util/math/intpoly/IntegerPolynomialP384 done
Event: 50.530 Loading class sun/security/util/math/intpoly/IntegerPolynomialP521
Event: 50.530 Loading class sun/security/util/math/intpoly/IntegerPolynomialP521 done
Event: 50.531 Loading class sun/security/util/math/intpoly/P384OrderField
Event: 50.532 Loading class sun/security/util/math/intpoly/P384OrderField done
Event: 50.532 Loading class sun/security/util/math/intpoly/P521OrderField
Event: 50.533 Loading class sun/security/util/math/intpoly/P521OrderField done
Event: 50.535 Loading class java/security/interfaces/ECPrivateKey
Event: 50.536 Loading class java/security/interfaces/ECPrivateKey done
Event: 50.537 Loading class sun/security/util/ArrayUtil
Event: 50.538 Loading class sun/security/util/ArrayUtil done
Event: 50.548 Loading class sun/security/util/math/IntegerModuloP$MultiplicativeInverser$Secp256R1
Event: 50.548 Loading class sun/security/util/math/IntegerModuloP$MultiplicativeInverser$Secp256R1 done

Classes unloaded (12 events):
Event: 45.207 Thread 0x00000191919edbb0 Unloading class 0x00000191a71a8c00 'java/lang/invoke/LambdaForm$MH+0x00000191a71a8c00'
Event: 45.207 Thread 0x00000191919edbb0 Unloading class 0x00000191a71a8800 'java/lang/invoke/LambdaForm$MH+0x00000191a71a8800'
Event: 45.207 Thread 0x00000191919edbb0 Unloading class 0x00000191a71a8400 'java/lang/invoke/LambdaForm$MH+0x00000191a71a8400'
Event: 45.207 Thread 0x00000191919edbb0 Unloading class 0x00000191a71a8000 'java/lang/invoke/LambdaForm$MH+0x00000191a71a8000'
Event: 45.207 Thread 0x00000191919edbb0 Unloading class 0x00000191a71a7c00 'java/lang/invoke/LambdaForm$BMH+0x00000191a71a7c00'
Event: 45.207 Thread 0x00000191919edbb0 Unloading class 0x00000191a71a7800 'java/lang/invoke/LambdaForm$DMH+0x00000191a71a7800'
Event: 45.207 Thread 0x00000191919edbb0 Unloading class 0x00000191a71a6400 'java/lang/invoke/LambdaForm$DMH+0x00000191a71a6400'
Event: 49.092 Thread 0x00000191919edbb0 Unloading class 0x00000191a729b800 'java/lang/invoke/LambdaForm$MH+0x00000191a729b800'
Event: 49.092 Thread 0x00000191919edbb0 Unloading class 0x00000191a729b000 'java/lang/invoke/LambdaForm$MH+0x00000191a729b000'
Event: 49.092 Thread 0x00000191919edbb0 Unloading class 0x00000191a729a800 'java/lang/invoke/LambdaForm$MH+0x00000191a729a800'
Event: 49.092 Thread 0x00000191919edbb0 Unloading class 0x00000191a729a000 'java/lang/invoke/LambdaForm$MH+0x00000191a729a000'
Event: 49.092 Thread 0x00000191919edbb0 Unloading class 0x00000191a7299400 'java/lang/invoke/LambdaForm$MH+0x00000191a7299400'

Classes redefined (0 events):
No events

Internal exceptions (20 events):
Event: 48.970 Thread 0x00000191e9736f40 Exception <a 'java/io/FileNotFoundException'{0x00000000eb943fc0}> (0x00000000eb943fc0) 
thrown [s\src\hotspot\share\prims\jni.cpp, line 520]
Event: 49.029 Thread 0x00000191e9736f40 Exception <a 'java/lang/NoSuchMethodError'{0x00000000ebb27b88}: 'void java.lang.invoke.DirectMethodHandle$Holder.invokeSpecial(java.lang.Object, java.lang.Object, java.lang.Object, int)'> (0x00000000ebb27b88) 
thrown [s\src\hotspot\share\interpreter\linkResolver.cpp, line 773]
Event: 49.030 Thread 0x00000191e9736f40 Exception <a 'java/lang/NoSuchMethodError'{0x00000000ebb2b268}: 'void java.lang.invoke.DelegatingMethodHandle$Holder.reinvoke_L(java.lang.Object, java.lang.Object, int)'> (0x00000000ebb2b268) 
thrown [s\src\hotspot\share\interpreter\linkResolver.cpp, line 773]
Event: 49.031 Thread 0x00000191e9736f40 Exception <a 'java/lang/NoSuchMethodError'{0x00000000ebb61570}: 'int java.lang.invoke.Invokers$Holder.invokeExact_MT(java.lang.Object, java.lang.Object, java.lang.Object)'> (0x00000000ebb61570) 
thrown [s\src\hotspot\share\interpreter\linkResolver.cpp, line 773]
Event: 49.038 Thread 0x00000191e9736f40 Exception <a 'java/lang/UnsatisfiedLinkError'{0x00000000ebb6fca8}: The specified procedure could not be found.
> (0x00000000ebb6fca8) 
thrown [s\src\hotspot\share\prims\jni.cpp, line 539]
Event: 49.060 Thread 0x00000191e9736f40 Exception <a 'java/lang/NoSuchMethodError'{0x00000000ebb7c7f0}: 'void java.lang.invoke.Invokers$Holder.invokeExact_MT(java.lang.Object, java.lang.Object, int, java.lang.Object)'> (0x00000000ebb7c7f0) 
thrown [s\src\hotspot\share\interpreter\linkResolver.cpp, line 773]
Event: 49.264 Thread 0x000001918f5a6f20 Exception <a 'java/io/FileNotFoundException'{0x00000000eb35f390}> (0x00000000eb35f390) 
thrown [s\src\hotspot\share\prims\jni.cpp, line 520]
Event: 49.311 Thread 0x00000191ee341740 Exception <a 'sun/nio/fs/WindowsException'{0x00000000eb740488}> (0x00000000eb740488) 
thrown [s\src\hotspot\share\prims\jni.cpp, line 520]
Event: 49.341 Thread 0x000001918f5a6f20 Exception <a 'java/lang/NoSuchMethodError'{0x00000000eb897d00}: 'java.lang.Object java.lang.invoke.DirectMethodHandle$Holder.invokeStatic(java.lang.Object, long, java.lang.Object)'> (0x00000000eb897d00) 
thrown [s\src\hotspot\share\interpreter\linkResolver.cpp, line 773]
Event: 49.342 Thread 0x000001918f5a6f20 Exception <a 'java/lang/NoSuchMethodError'{0x00000000eb8a3120}: 'java.lang.Object java.lang.invoke.DirectMethodHandle$Holder.invokeStaticInit(java.lang.Object, long, java.lang.Object)'> (0x00000000eb8a3120) 
thrown [s\src\hotspot\share\interpreter\linkResolver.cpp, line 773]
Event: 49.343 Thread 0x000001918f5a6f20 Exception <a 'java/lang/NoSuchMethodError'{0x00000000eb8acb60}: 'java.lang.Object java.lang.invoke.DirectMethodHandle$Holder.newInvokeSpecial(java.lang.Object, long)'> (0x00000000eb8acb60) 
thrown [s\src\hotspot\share\interpreter\linkResolver.cpp, line 773]
Event: 49.961 Thread 0x00000191ee340a20 Exception <a 'java/lang/NoSuchMethodError'{0x00000000ebd3c858}: 'void java.lang.invoke.DirectMethodHandle$Holder.invokeStaticInit(java.lang.Object, java.lang.Object, java.lang.Object)'> (0x00000000ebd3c858) 
thrown [s\src\hotspot\share\interpreter\linkResolver.cpp, line 773]
Event: 49.969 Thread 0x00000191ee340a20 Exception <a 'java/lang/ExceptionInInitializerError'{0x00000000ebddd738}> (0x00000000ebddd738) 
thrown [s\src\hotspot\share\oops\instanceKlass.cpp, line 1220]
Event: 50.047 Thread 0x000001918f5a6f20 Exception <a 'java/lang/NoSuchMethodError'{0x00000000eafcb228}: 'void java.lang.invoke.DirectMethodHandle$Holder.invokeSpecial(java.lang.Object, java.lang.Object, java.lang.Object, java.lang.Object, java.lang.Object, java.lang.Object)'> (0x00000000eafcb228) 
thrown [s\src\hotspot\share\interpreter\linkResolver.cpp, line 773]
Event: 50.050 Thread 0x000001918f5a6f20 Exception <a 'java/lang/IncompatibleClassChangeError'{0x00000000eafd2b18}: Found class java.lang.Object, but interface was expected> (0x00000000eafd2b18) 
thrown [s\src\hotspot\share\interpreter\linkResolver.cpp, line 840]
Event: 50.050 Thread 0x000001918f5a6f20 Exception <a 'java/lang/IncompatibleClassChangeError'{0x00000000eafd4970}: Found class java.lang.Object, but interface was expected> (0x00000000eafd4970) 
thrown [s\src\hotspot\share\interpreter\linkResolver.cpp, line 840]
Event: 50.062 Thread 0x00000191ee340a20 Implicit null exception at 0x000001919c786cfe to 0x000001919c786f70
Event: 50.063 Thread 0x00000191ee340a20 Implicit null exception at 0x000001919c68f61c to 0x000001919c6904dc
Event: 50.076 Thread 0x00000191ee340a20 Exception <a 'java/lang/NoSuchMethodError'{0x00000000eb1d49b0}: 'java.lang.Object java.lang.invoke.Invokers$Holder.invokeExact_MT(java.lang.Object, int, java.lang.Object)'> (0x00000000eb1d49b0) 
thrown [s\src\hotspot\share\interpreter\linkResolver.cpp, line 773]
Event: 50.321 Thread 0x00000191eedd9700 Implicit null exception at 0x000001919c7eb206 to 0x000001919c7eb2fc

ZGC Phase Switch (0 events):
No events

VM Operations (20 events):
Event: 49.079 Executing VM operation: CollectForMetadataAllocation (Metadata GC Threshold)
Event: 49.141 Executing VM operation: CollectForMetadataAllocation (Metadata GC Threshold) done
Event: 49.220 Executing VM operation: HandshakeAllThreads (Deoptimize)
Event: 49.220 Executing VM operation: HandshakeAllThreads (Deoptimize) done
Event: 49.578 Executing VM operation: ParallelGCFailedAllocation (Allocation Failure)
Event: 49.581 Executing VM operation: ParallelGCFailedAllocation (Allocation Failure) done
Event: 49.917 Executing VM operation: HandshakeAllThreads (Deoptimize)
Event: 49.917 Executing VM operation: HandshakeAllThreads (Deoptimize) done
Event: 49.985 Executing VM operation: ParallelGCFailedAllocation (Allocation Failure)
Event: 49.991 Executing VM operation: ParallelGCFailedAllocation (Allocation Failure) done
Event: 50.178 Executing VM operation: HandshakeAllThreads (Deoptimize)
Event: 50.182 Executing VM operation: HandshakeAllThreads (Deoptimize) done
Event: 50.246 Executing VM operation: HandshakeAllThreads (Deoptimize)
Event: 50.246 Executing VM operation: HandshakeAllThreads (Deoptimize) done
Event: 50.311 Executing VM operation: HandshakeAllThreads (Deoptimize)
Event: 50.312 Executing VM operation: HandshakeAllThreads (Deoptimize) done
Event: 50.317 Executing VM operation: ParallelGCFailedAllocation (Allocation Failure)
Event: 50.321 Executing VM operation: ParallelGCFailedAllocation (Allocation Failure) done
Event: 50.422 Executing VM operation: HandshakeAllThreads (Deoptimize)
Event: 50.422 Executing VM operation: HandshakeAllThreads (Deoptimize) done

Memory protections (0 events):
No events

Nmethod flushes (20 events):
Event: 49.108 Thread 0x00000191919edbb0 flushing  nmethod 0x000001919526ad10
Event: 49.108 Thread 0x00000191919edbb0 flushing  nmethod 0x000001919527c210
Event: 49.108 Thread 0x00000191919edbb0 flushing  nmethod 0x000001919527d810
Event: 49.108 Thread 0x00000191919edbb0 flushing  nmethod 0x00000191952ae590
Event: 49.108 Thread 0x00000191919edbb0 flushing  nmethod 0x00000191952f9d10
Event: 49.108 Thread 0x00000191919edbb0 flushing  nmethod 0x0000019195328010
Event: 49.108 Thread 0x00000191919edbb0 flushing  nmethod 0x0000019195328410
Event: 49.108 Thread 0x00000191919edbb0 flushing  nmethod 0x0000019195328d10
Event: 49.108 Thread 0x00000191919edbb0 flushing  nmethod 0x000001919532ab90
Event: 49.108 Thread 0x00000191919edbb0 flushing  nmethod 0x000001919532b310
Event: 49.108 Thread 0x00000191919edbb0 flushing  nmethod 0x000001919532c890
Event: 49.108 Thread 0x00000191919edbb0 flushing  nmethod 0x000001919532cd90
Event: 49.108 Thread 0x00000191919edbb0 flushing  nmethod 0x000001919532dd10
Event: 49.108 Thread 0x00000191919edbb0 flushing  nmethod 0x000001919532ea10
Event: 49.108 Thread 0x00000191919edbb0 flushing  nmethod 0x000001919532fa90
Event: 49.108 Thread 0x00000191919edbb0 flushing  nmethod 0x000001919532ff90
Event: 49.108 Thread 0x00000191919edbb0 flushing  nmethod 0x0000019195330e10
Event: 49.108 Thread 0x00000191919edbb0 flushing  nmethod 0x00000191953cf910
Event: 49.108 Thread 0x00000191919edbb0 flushing  nmethod 0x00000191953e0890
Event: 49.108 Thread 0x00000191919edbb0 flushing  nmethod 0x000001919540b090

Events (20 events):
Event: 48.940 Thread 0x00000191e9736f40 Thread added: 0x00000191ee345250
Event: 49.172 Thread 0x00000191ee341740 Thread added: 0x00000191ee343810
Event: 49.286 Thread 0x00000191ee343810 Thread added: 0x00000191ee343ea0
Event: 49.365 Thread 0x000001918f5a6f20 Thread added: 0x00000191ee341dd0
Event: 49.366 Thread 0x000001918f5a6f20 Thread added: 0x00000191ee3479b0
Event: 49.366 Thread 0x000001918f5a6f20 Thread added: 0x00000191ee344530
Event: 49.367 Thread 0x000001918f5a6f20 Thread added: 0x00000191ee3458e0
Event: 49.367 Thread 0x000001918f5a6f20 Thread added: 0x00000191ee344bc0
Event: 49.367 Thread 0x000001918f5a6f20 Thread added: 0x00000191ee348040
Event: 49.368 Thread 0x000001918f5a6f20 Thread added: 0x00000191ee345f70
Event: 49.368 Thread 0x000001918f5a6f20 Thread added: 0x00000191e9736220
Event: 49.369 Thread 0x000001918f5a6f20 Thread added: 0x00000191e9733ac0
Event: 49.369 Thread 0x000001918f5a6f20 Thread added: 0x00000191e97347e0
Event: 49.369 Thread 0x000001918f5a6f20 Thread added: 0x00000191e9734e70
Event: 49.369 Thread 0x000001918f5a6f20 Thread added: 0x00000191e9735b90
Event: 49.369 Thread 0x000001918f5a6f20 Thread added: 0x00000191eeddb140
Event: 49.504 Thread 0x000001918f5a6f20 Thread added: 0x00000191eeddc4f0
Event: 49.935 Thread 0x00000191ee347320 Thread exited: 0x00000191ee347320
Event: 50.092 Thread 0x000001918f5a6f20 Thread added: 0x00000191eede0690
Event: 50.093 Thread 0x000001918f5a6f20 Thread added: 0x00000191eedd9700


Dynamic libraries:
0x00007ff61e3d0000 - 0x00007ff61e3de000 	c:\Users\Prince Jain\.vscode\extensions\redhat.java-1.40.0-win32-x64\jre\21.0.6-win32-x86_64\bin\java.exe
0x00007ff8796b0000 - 0x00007ff8798c7000 	C:\windows\SYSTEM32\ntdll.dll
0x00007ff8785b0000 - 0x00007ff878674000 	C:\windows\System32\KERNEL32.DLL
0x00007ff876bf0000 - 0x00007ff876fc0000 	C:\windows\System32\KERNELBASE.dll
0x00007ff86f620000 - 0x00007ff86f6b7000 	C:\windows\SYSTEM32\apphelp.dll
0x00007ff876a20000 - 0x00007ff876b31000 	C:\windows\System32\ucrtbase.dll
0x00007ff8215b0000 - 0x00007ff8215c8000 	c:\Users\Prince Jain\.vscode\extensions\redhat.java-1.40.0-win32-x64\jre\21.0.6-win32-x86_64\bin\jli.dll
0x00007ff878f40000 - 0x00007ff8790ee000 	C:\windows\System32\USER32.dll
0x00007ff876b40000 - 0x00007ff876b66000 	C:\windows\System32\win32u.dll
0x00007ff8781f0000 - 0x00007ff878219000 	C:\windows\System32\GDI32.dll
0x00007ff877250000 - 0x00007ff87736b000 	C:\windows\System32\gdi32full.dll
0x00007ff877040000 - 0x00007ff8770da000 	C:\windows\System32\msvcp_win.dll
0x00007ff8061d0000 - 0x00007ff8061ee000 	c:\Users\Prince Jain\.vscode\extensions\redhat.java-1.40.0-win32-x64\jre\21.0.6-win32-x86_64\bin\VCRUNTIME140.dll
0x00007ff84cee0000 - 0x00007ff84d172000 	C:\windows\WinSxS\amd64_microsoft.windows.common-controls_6595b64144ccf1df_6.0.22621.4830_none_270fe7d773858e80\COMCTL32.dll
0x00007ff8778a0000 - 0x00007ff877947000 	C:\windows\System32\msvcrt.dll
0x00007ff878220000 - 0x00007ff878251000 	C:\windows\System32\IMM32.DLL
0x00007ff86f870000 - 0x00007ff86f87c000 	c:\Users\Prince Jain\.vscode\extensions\redhat.java-1.40.0-win32-x64\jre\21.0.6-win32-x86_64\bin\vcruntime140_1.dll
0x00007ffff10e0000 - 0x00007ffff116d000 	c:\Users\Prince Jain\.vscode\extensions\redhat.java-1.40.0-win32-x64\jre\21.0.6-win32-x86_64\bin\msvcp140.dll
0x00007fff9ccd0000 - 0x00007fff9da60000 	c:\Users\Prince Jain\.vscode\extensions\redhat.java-1.40.0-win32-x64\jre\21.0.6-win32-x86_64\bin\server\jvm.dll
0x00007ff878e80000 - 0x00007ff878f31000 	C:\windows\System32\ADVAPI32.dll
0x00007ff879150000 - 0x00007ff8791f7000 	C:\windows\System32\sechost.dll
0x00007ff877370000 - 0x00007ff877398000 	C:\windows\System32\bcrypt.dll
0x00007ff878d60000 - 0x00007ff878e74000 	C:\windows\System32\RPCRT4.dll
0x00007ff8773a0000 - 0x00007ff877411000 	C:\windows\System32\WS2_32.dll
0x00007ff876830000 - 0x00007ff87687d000 	C:\windows\SYSTEM32\POWRPROF.dll
0x00007ff86c9e0000 - 0x00007ff86ca14000 	C:\windows\SYSTEM32\WINMM.dll
0x00007ff86a820000 - 0x00007ff86a82a000 	C:\windows\SYSTEM32\VERSION.dll
0x00007ff876810000 - 0x00007ff876823000 	C:\windows\SYSTEM32\UMPDC.dll
0x00007ff875970000 - 0x00007ff875988000 	C:\windows\SYSTEM32\kernel.appcore.dll
0x00007ff83d3f0000 - 0x00007ff83d3fa000 	c:\Users\Prince Jain\.vscode\extensions\redhat.java-1.40.0-win32-x64\jre\21.0.6-win32-x86_64\bin\jimage.dll
0x00007ff874270000 - 0x00007ff8744a2000 	C:\windows\SYSTEM32\DBGHELP.DLL
0x00007ff879200000 - 0x00007ff879590000 	C:\windows\System32\combase.dll
0x00007ff879590000 - 0x00007ff879667000 	C:\windows\System32\OLEAUT32.dll
0x00007ff857ba0000 - 0x00007ff857bd2000 	C:\windows\SYSTEM32\dbgcore.DLL
0x00007ff876fc0000 - 0x00007ff87703b000 	C:\windows\System32\bcryptPrimitives.dll
0x00007ff838a20000 - 0x00007ff838a2f000 	c:\Users\Prince Jain\.vscode\extensions\redhat.java-1.40.0-win32-x64\jre\21.0.6-win32-x86_64\bin\instrument.dll
0x00007ff8061b0000 - 0x00007ff8061cf000 	c:\Users\Prince Jain\.vscode\extensions\redhat.java-1.40.0-win32-x64\jre\21.0.6-win32-x86_64\bin\java.dll
0x00007ff877950000 - 0x00007ff8781c8000 	C:\windows\System32\SHELL32.dll
0x00007ff874860000 - 0x00007ff875170000 	C:\windows\SYSTEM32\windows.storage.dll
0x00007ff874720000 - 0x00007ff87485f000 	C:\windows\SYSTEM32\wintypes.dll
0x00007ff878b00000 - 0x00007ff878c0a000 	C:\windows\System32\SHCORE.dll
0x00007ff878aa0000 - 0x00007ff878afe000 	C:\windows\System32\shlwapi.dll
0x00007ff876890000 - 0x00007ff8768bb000 	C:\windows\SYSTEM32\profapi.dll
0x00007ffff10c0000 - 0x00007ffff10d8000 	c:\Users\Prince Jain\.vscode\extensions\redhat.java-1.40.0-win32-x64\jre\21.0.6-win32-x86_64\bin\zip.dll
0x00007ff83d120000 - 0x00007ff83d130000 	C:\Users\Prince Jain\.vscode\extensions\redhat.java-1.40.0-win32-x64\jre\21.0.6-win32-x86_64\bin\net.dll
0x00007ff86fbf0000 - 0x00007ff86fd1c000 	C:\windows\SYSTEM32\WINHTTP.dll
0x00007ff875e20000 - 0x00007ff875e8a000 	C:\windows\system32\mswsock.dll
0x00007ffff10a0000 - 0x00007ffff10b6000 	C:\Users\Prince Jain\.vscode\extensions\redhat.java-1.40.0-win32-x64\jre\21.0.6-win32-x86_64\bin\nio.dll
0x00007ff8386c0000 - 0x00007ff8386d0000 	c:\Users\Prince Jain\.vscode\extensions\redhat.java-1.40.0-win32-x64\jre\21.0.6-win32-x86_64\bin\verify.dll
0x00007ff836680000 - 0x00007ff8366c5000 	C:\Users\Prince Jain\AppData\Roaming\Code\User\globalStorage\redhat.java\1.40.0\config_win\org.eclipse.equinox.launcher\org.eclipse.equinox.launcher.win32.win32.x86_64_1.2.1200.v20250212-0927\eclipse_11909.dll
0x00007ff8788f0000 - 0x00007ff878a91000 	C:\windows\System32\ole32.dll
0x00007ff83c800000 - 0x00007ff83c80a000 	C:\Users\Prince Jain\.vscode\extensions\redhat.java-1.40.0-win32-x64\jre\21.0.6-win32-x86_64\bin\management.dll
0x00007ff83bb00000 - 0x00007ff83bb0b000 	C:\Users\Prince Jain\.vscode\extensions\redhat.java-1.40.0-win32-x64\jre\21.0.6-win32-x86_64\bin\management_ext.dll
0x00007ff8781d0000 - 0x00007ff8781d8000 	C:\windows\System32\PSAPI.DLL
0x00007ff876070000 - 0x00007ff87608b000 	C:\windows\SYSTEM32\CRYPTSP.dll
0x00007ff8758d0000 - 0x00007ff875905000 	C:\windows\system32\rsaenh.dll
0x00007ff875f10000 - 0x00007ff875f38000 	C:\windows\SYSTEM32\USERENV.dll
0x00007ff876090000 - 0x00007ff87609c000 	C:\windows\SYSTEM32\CRYPTBASE.dll
0x00007ff8753d0000 - 0x00007ff8753fd000 	C:\windows\SYSTEM32\IPHLPAPI.DLL
0x00007ff8781e0000 - 0x00007ff8781e9000 	C:\windows\System32\NSI.dll
0x00007ff806d20000 - 0x00007ff806d69000 	C:\Users\Prince Jain\AppData\Local\Temp\jna--431523565\jna2154690589992138652.dll
0x00007ff86bd60000 - 0x00007ff86bd79000 	C:\windows\SYSTEM32\dhcpcsvc6.DLL
0x00007ff86ba90000 - 0x00007ff86baaf000 	C:\windows\SYSTEM32\dhcpcsvc.DLL
0x00007ff83b3c0000 - 0x00007ff83b3ce000 	C:\Users\Prince Jain\.vscode\extensions\redhat.java-1.40.0-win32-x64\jre\21.0.6-win32-x86_64\bin\sunmscapi.dll
0x00007ff8770e0000 - 0x00007ff877246000 	C:\windows\System32\CRYPT32.dll
0x00007ff876230000 - 0x00007ff87625d000 	C:\windows\SYSTEM32\ncrypt.dll
0x00007ff8761f0000 - 0x00007ff876227000 	C:\windows\SYSTEM32\NTASN1.dll
0x00007ff875440000 - 0x00007ff875542000 	C:\windows\SYSTEM32\DNSAPI.dll
0x00007ff86bd50000 - 0x00007ff86bd5a000 	C:\Windows\System32\rasadhlp.dll
0x00007ff86b580000 - 0x00007ff86b603000 	C:\windows\System32\fwpuclnt.dll
0x00007ff83a870000 - 0x00007ff83a879000 	C:\Users\Prince Jain\.vscode\extensions\redhat.java-1.40.0-win32-x64\jre\21.0.6-win32-x86_64\bin\extnet.dll

dbghelp: loaded successfully - version: 4.0.5 - missing functions: none
symbol engine: initialized successfully - sym options: 0x614 - pdb path: .;c:\Users\Prince Jain\.vscode\extensions\redhat.java-1.40.0-win32-x64\jre\21.0.6-win32-x86_64\bin;C:\windows\SYSTEM32;C:\windows\WinSxS\amd64_microsoft.windows.common-controls_6595b64144ccf1df_6.0.22621.4830_none_270fe7d773858e80;c:\Users\Prince Jain\.vscode\extensions\redhat.java-1.40.0-win32-x64\jre\21.0.6-win32-x86_64\bin\server;C:\Users\Prince Jain\AppData\Roaming\Code\User\globalStorage\redhat.java\1.40.0\config_win\org.eclipse.equinox.launcher\org.eclipse.equinox.launcher.win32.win32.x86_64_1.2.1200.v20250212-0927;C:\Users\Prince Jain\AppData\Local\Temp\jna--431523565

VM Arguments:
jvm_args: --add-modules=ALL-SYSTEM --add-opens=java.base/java.util=ALL-UNNAMED --add-opens=java.base/java.lang=ALL-UNNAMED --add-opens=java.base/sun.nio.fs=ALL-UNNAMED -Declipse.application=org.eclipse.jdt.ls.core.id1 -Dosgi.bundles.defaultStartLevel=4 -Declipse.product=org.eclipse.jdt.ls.core.product -Djava.import.generatesMetadataFilesAtProjectRoot=false -DDetectVMInstallationsJob.disabled=true -Dfile.encoding=utf8 -XX:+UseParallelGC -XX:GCTimeRatio=4 -XX:AdaptiveSizePolicyWeight=90 -Dsun.zip.disableMemoryMapping=true -Xmx1G -Xms100m -Xlog:disable -javaagent:c:\Users\Prince Jain\.vscode\extensions\redhat.java-1.40.0-win32-x64\lombok\lombok-1.18.36.jar -XX:+HeapDumpOnOutOfMemoryError -XX:HeapDumpPath=c:\Users\Prince Jain\AppData\Roaming\Code\User\workspaceStorage\93bd60ff33c47b001411ec603751e469\redhat.java -Daether.dependencyCollector.impl=bf 
java_command: c:\Users\Prince Jain\.vscode\extensions\redhat.java-1.40.0-win32-x64\server\plugins\org.eclipse.equinox.launcher_1.6.1000.v20250131-0606.jar -configuration c:\Users\Prince Jain\AppData\Roaming\Code\User\globalStorage\redhat.java\1.40.0\config_win -data c:\Users\Prince Jain\AppData\Roaming\Code\User\workspaceStorage\93bd60ff33c47b001411ec603751e469\redhat.java\jdt_ws --pipe=\\.\pipe\lsp-10b2e87e0795393062a8d8d0480fb9dd-sock
java_class_path (initial): c:\Users\Prince Jain\.vscode\extensions\redhat.java-1.40.0-win32-x64\server\plugins\org.eclipse.equinox.launcher_1.6.1000.v20250131-0606.jar
Launcher Type: SUN_STANDARD

[Global flags]
    uintx AdaptiveSizePolicyWeight                 = 90                                        {product} {command line}
     intx CICompilerCount                          = 4                                         {product} {ergonomic}
    uintx GCTimeRatio                              = 4                                         {product} {command line}
     bool HeapDumpOnOutOfMemoryError               = true                                   {manageable} {command line}
    ccstr HeapDumpPath                             = c:\Users\Prince Jain\AppData\Roaming\Code\User\workspaceStorage\93bd60ff33c47b001411ec603751e469\redhat.java         {manageable} {command line}
   size_t InitialHeapSize                          = 104857600                                 {product} {command line}
   size_t MaxHeapSize                              = 1073741824                                {product} {command line}
   size_t MaxNewSize                               = 357564416                                 {product} {ergonomic}
   size_t MinHeapDeltaBytes                        = 524288                                    {product} {ergonomic}
   size_t MinHeapSize                              = 104857600                                 {product} {command line}
   size_t NewSize                                  = 34603008                                  {product} {ergonomic}
    uintx NonNMethodCodeHeapSize                   = 5839372                                {pd product} {ergonomic}
    uintx NonProfiledCodeHeapSize                  = 122909434                              {pd product} {ergonomic}
   size_t OldSize                                  = 70254592                                  {product} {ergonomic}
    uintx ProfiledCodeHeapSize                     = 122909434                              {pd product} {ergonomic}
    uintx ReservedCodeCacheSize                    = 251658240                              {pd product} {ergonomic}
     bool SegmentedCodeCache                       = true                                      {product} {ergonomic}
   size_t SoftMaxHeapSize                          = 1073741824                             {manageable} {ergonomic}
     bool UseCompressedOops                        = true                           {product lp64_product} {ergonomic}
     bool UseLargePagesIndividualAllocation        = false                                  {pd product} {ergonomic}
     bool UseParallelGC                            = true                                      {product} {command line}

Logging:
Log output configuration:
 #0: stdout all=off uptime,level,tags foldmultilines=false
 #1: stderr all=off uptime,level,tags foldmultilines=false

Environment Variables:
JAVA_HOME=C:\Program Files\Java\jdk-19
PATH=C:\Program Files\Common Files\Oracle\Java\javapath;C:\windows\system32;C:\windows;C:\windows\System32\Wbem;C:\windows\System32\WindowsPowerShell\v1.0\;C:\windows\System32\OpenSSH\;C:\Program Files\dotnet\;C:\Program Files\Java\jdk-19\bin;C:\Program Files\Common Files\Oracle\Java\javapath;C:\Program Files\Git\cmd;C:\Program Files\Git\mingw64\bin;C:\Program Files\Git\usr\bin;C:\Users\Prince Jain\AppData\Roaming\nvm;C:\Program Files\nodejs;C:\Users\Prince Jain\Downloads\GitHubDesktopSetup-x64 (1).exe;C:\Users\Prince Jain\dev\flutter\bin;C:\Users\Prince Jain\AppData\Local\Microsoft\WindowsApps;C:\Users\Prince Jain\AppData\Local\Programs\Microsoft VS Code\bin;C:\MinGW\bin;C:\Program Files\Java\jdk-19\bin;C:\Users\Prince Jain\AppData\Local\GitHubDesktop\bin;C:\Program Files\sf\bin;C:\Users\Prince Jain\AppData\Roaming\npm;C:\Users\Prince Jain\AppData\Roaming\nvm;C:\Program Files\nodejs;C:\Users\Prince Jain\Downloads\flutter_windows_3.22.2-stable\flutter\bin;C:\Users\Prince Jain\.dotnet\tools
USERNAME=Prince Jain
OS=Windows_NT
PROCESSOR_IDENTIFIER=Intel64 Family 6 Model 154 Stepping 4, GenuineIntel
TMP=C:\Users\PRINCE~1\AppData\Local\Temp
TEMP=C:\Users\PRINCE~1\AppData\Local\Temp




Periodic native trim disabled

---------------  S Y S T E M  ---------------

OS:
 Windows 11 , 64 bit Build 22621 (10.0.22621.4830)
OS uptime: 2 days 1:08 hours
Hyper-V role detected

CPU: total 12 (initial active 12) (6 cores per cpu, 2 threads per core) family 6 model 154 stepping 4 microcode 0x42c, cx8, cmov, fxsr, ht, mmx, 3dnowpref, sse, sse2, sse3, ssse3, sse4.1, sse4.2, popcnt, lzcnt, tsc, tscinvbit, avx, avx2, aes, erms, clmul, bmi1, bmi2, adx, sha, fma, vzeroupper, clflush, clflushopt, clwb, hv, serialize, rdtscp, rdpid, fsrm, f16c, cet_ibt, cet_ss
Processor Information for processor 0
  Max Mhz: 1300, Current Mhz: 1300, Mhz Limit: 1300
Processor Information for processor 1
  Max Mhz: 1300, Current Mhz: 1300, Mhz Limit: 1300
Processor Information for processor 2
  Max Mhz: 1300, Current Mhz: 1300, Mhz Limit: 1300
Processor Information for processor 3
  Max Mhz: 1300, Current Mhz: 1300, Mhz Limit: 1300
Processor Information for processor 4
  Max Mhz: 1300, Current Mhz: 900, Mhz Limit: 897
Processor Information for processor 5
  Max Mhz: 1300, Current Mhz: 900, Mhz Limit: 897
Processor Information for processor 6
  Max Mhz: 1300, Current Mhz: 900, Mhz Limit: 897
Processor Information for processor 7
  Max Mhz: 1300, Current Mhz: 900, Mhz Limit: 897
Processor Information for processor 8
  Max Mhz: 1300, Current Mhz: 900, Mhz Limit: 897
Processor Information for processor 9
  Max Mhz: 1300, Current Mhz: 900, Mhz Limit: 897
Processor Information for processor 10
  Max Mhz: 1300, Current Mhz: 900, Mhz Limit: 897
Processor Information for processor 11
  Max Mhz: 1300, Current Mhz: 900, Mhz Limit: 897

Memory: 4k page, system-wide physical 7863M (483M free)
TotalPageFile size 28042M (AvailPageFile size 41M)
current process WorkingSet (physical memory assigned to process): 222M, peak: 225M
current process commit charge ("private bytes"): 310M, peak: 313M

vm_info: OpenJDK 64-Bit Server VM (21.0.6+7-LTS) for windows-amd64 JRE (21.0.6+7-LTS), built on 2025-01-21T00:00:00Z by "admin" with MS VC++ 17.7 (VS2022)

END.
